{"ts":1647931879698,"data":{"config_json":"s{\"wpzs_version_date\":\"20200330\",\"wpzs_version_latest\":\"0.2.2\",\"wpzs_option\":{\"send_usage\":\"yes\",\"baidu_page_home\":\"yes\",\"baidu_page_share\":\"yes\",\"baidu_page_verify\":\"yes\",\"baidu_share_status\":\"no\",\"baidu_custom_password\":\"yes\",\"baidu_show_origin\":\"yes\",\"baidu_multi_link\":\"no\",\"baidu_auto_jump\":\"no\",\"weiyun_page_verify\":\"yes\",\"weiyun_share_status\":\"yes\",\"weiyun_auto_jump\":\"no\",\"lanzous_page_verify\":\"yes\",\"lanzous_share_status\":\"yes\",\"lanzous_auto_jump\":\"no\"}}","handledWeiBoCardClass":"sweibo_383402_extend","space":"n5000","uid":"st47cji0a8j5k0gj1gdoccxksvexy2hob"}}