{"options":{"check_for_updates":true,"comment":null,"compat_foreach":false,"compat_metadata":false,"compat_prototypes":false,"compat_wrappedjsobject":false,"compatopts_for_requires":true,"noframes":null,"override":{"merge_connects":true,"merge_excludes":true,"merge_includes":true,"merge_matches":true,"orig_excludes":["*://*.tukergo.com/*"],"orig_includes":["*://m.youku.com/v*","*://m.youku.com/a*","*://v.youku.com/v_*","*://*.iqiyi.com/v_*","*://*.iqiyi.com/w_*","*://*.iqiyi.com/a_*","*://*.iqiyi.com/adv*","*://*.le.com/ptv/vplay/*","*v.qq.com/x/cover/*","*v.qq.com/x/page/*","*v.qq.com/play*","*v.qq.com/cover*","*://*.tudou.com/listplay/*","*://*.tudou.com/albumplay/*","*://*.tudou.com/programs/view/*","*://*.tudou.com/v*","*://*.qidian.com/","*://*.mgtv.com/b/*","*://film.sohu.com/album/*","*://tv.sohu.com/v/*","*://*.acfun.cn/v/*","*://*.bilibili.com/video/*","*://*.bilibili.com/anime/*","*://*.bilibili.com/bangumi/play/*","*://*.pptv.com/show/*","*://*.wasu.cn/Play/show*","*://v.yinyuetai.com/video/*","*://v.yinyuetai.com/playlist/*","*://*.wasu.cn/Play/show/*","*://music.taihe.com/song*","*://item.taobao.com/*","*://detail.liangxinyao.com/*","*://detail.tmall.com/*","*://detail.tmall.hk/*","*://item.jd.com/*","*://music.163.com/song*","*://music.163.com/m/song*","*://y.qq.com/*","*://*.kugou.com/*","*://*.kuwo.cn/*","*://*.xiami.com/*","*://music.taihe.com/*","*://*.1ting.com/player*","*://www.qingting.fm/*","*://www.lizhi.fm/*","*://music.migu.cn/*","*://www.ximalaya.com/*","*://pan.baidu.com/disk/home*","*://yun.baidu.com/disk/home*","*://pan.baidu.com/s/*","*://yun.baidu.com/s/*","*://pan.baidu.com/share/link*","*://yun.baidu.com/share/link*","*://www.zhihu.com/*","https://video.zhihu.com/video/*"],"orig_matches":["*://share.weiyun.com/*","*://*.newday.me/*","*://pan.baidu.com/*","*://yun.baidu.com/*","*://*.lanzous.com/*","https://link.zhihu.com/*","*://www.zhihu.com/*","https://v.vzuu.com/video/*","https://video.zhihu.com/video/*","*://wenku.baidu.com/view/*","*://www.bdwenku.com/wk/*","https://www.58pic.com/*","*://*.tuchong.com/*","*://tuchong.com/*","https://weibo.com/*","https://www.weibo.com/*","https://d.weibo.com/*","https://s.weibo.com/*","*://*.onlinedown.net/*","*://*.cr173.com/*","*://*.xiazaiba.com/*","*://*.mydown.com/*","*://*.pc6.com/*","*://*.zol.com.cn/*","*://*.pconline.com.cn/*","*://*.jb51.net/*","*://*.cncrk.com/*","*://pc.qq.com/*","*://*.crsky.com/*","*://*.duote.com/*","*://*.downza.cn/*","*://*.yesky.com/*","*://*.ddooo.com/*","*://*.pchome.net/*","*://*.xpgod.com/*","*://*.52z.com/*","*://*.opdown.com/*"],"orig_noframes":null,"orig_run_at":"document-start","use_blockers":[],"use_connects":[],"use_excludes":[],"use_includes":[],"use_matches":[]},"run_at":null,"tab_types":null,"unwrap":null,"compat_powerful_this":null},"settings":{"enabled":false,"position":62},"meta":{"name":"1. VIP视频解析和去广告;2.音乐下载;3.获取B站封面;3.购物优惠券;4.百度文库下载;5.图虫、千图网图片下载;6.网盘助手;7.微博[图片|视频]下载;8.知乎助手;9.起点搜书","uuid":"a3023fbb-cabb-4524-bba2-43cc14b2d472","modified":1585292084353,"file_url":"https://greasyfork.org/scripts/394830-1vip%E8%A7%86%E9%A2%91%E8%A7%A3%E6%9E%90%E5%92%8C%E5%8E%BB%E5%B9%BF%E5%91%8A-%E9%9F%B3%E4%B9%90%E4%B8%8B%E8%BD%BD-%E8%8E%B7%E5%8F%96b%E7%AB%99%E5%B0%81%E9%9D%A2-%E8%B4%AD%E7%89%A9%E4%BC%98%E6%83%A0%E5%88%B8-%E7%99%BE%E5%BA%A6%E6%96%87%E5%BA%93%E4%B8%8B%E8%BD%BD-%E5%9B%BE%E8%99%AB-%E5%8D%83%E5%9B%BE%E7%BD%91%E5%9B%BE%E7%89%87%E4%B8%8B%E8%BD%BD-%E7%BD%91%E7%9B%98%E5%8A%A9%E6%89%8B-%E5%BE%AE%E5%8D%9A-%E5%9B%BE%E7%89%87-%E8%A7%86%E9%A2%91-%E4%B8%8B%E8%BD%BD-%E7%9F%A5%E4%B9%8E%E5%8A%A9%E6%89%8B-%E4%B8%8B%E8%BD%BD%E5%8D%AB%E5%A3%AB-%E8%B5%B7%E7%82%B9%E6%90%9C%E4%B9%A6/code/1VIP%E8%A7%86%E9%A2%91%E8%A7%A3%E6%9E%90%E5%92%8C%E5%8E%BB%E5%B9%BF%E5%91%8A;%E9%9F%B3%E4%B9%90%E4%B8%8B%E8%BD%BD;%E8%8E%B7%E5%8F%96B%E7%AB%99%E5%B0%81%E9%9D%A2;%E8%B4%AD%E7%89%A9%E4%BC%98%E6%83%A0%E5%88%B8;%E7%99%BE%E5%BA%A6%E6%96%87%E5%BA%93%E4%B8%8B%E8%BD%BD;%E5%9B%BE%E8%99%AB%E3%80%81%E5%8D%83%E5%9B%BE%E7%BD%91%E5%9B%BE%E7%89%87%E4%B8%8B%E8%BD%BD;%E7%BD%91%E7%9B%98%E5%8A%A9%E6%89%8B;%E5%BE%AE%E5%8D%9A%5B%E5%9B%BE%E7%89%87%7C%E8%A7%86%E9%A2%91%5D%E4%B8%8B%E8%BD%BD;%E7%9F%A5%E4%B9%8E%E5%8A%A9%E6%89%8B;%E4%B8%8B%E8%BD%BD%E5%8D%AB%E5%A3%AB;%E8%B5%B7%E7%82%B9%E6%90%9C%E4%B9%A6.user.js"}}