{"options":{"check_for_updates":true,"comment":null,"compat_foreach":false,"compat_metadata":false,"compat_prototypes":false,"compat_wrappedjsobject":false,"compatopts_for_requires":true,"noframes":null,"override":{"merge_connects":true,"merge_excludes":true,"merge_includes":true,"merge_matches":true,"orig_connects":[],"orig_excludes":[],"orig_includes":[],"orig_matches":["*://*/*"],"orig_noframes":null,"orig_run_at":"document-idle","use_blockers":[],"use_connects":[],"use_excludes":[],"use_includes":[],"use_matches":[]},"run_at":null,"tab_types":null,"unwrap":null,"compat_powerful_this":null},"settings":{"enabled":false,"position":50},"meta":{"name":"1024去60秒,附帶神秘效果","uuid":"e359f80f-0769-4b2a-bf79-b57558119cc2","modified":1637817681806,"file_url":"https://greasyfork.org/scripts/375620-1024%E5%8E%BB60%E7%A7%92/code/1024%E5%8E%BB60%E7%A7%92.user.js"}}