{"options":{"check_for_updates":true,"comment":null,"compat_foreach":false,"compat_metadata":false,"compat_prototypes":false,"compat_wrappedjsobject":false,"compatopts_for_requires":true,"noframes":null,"override":{"merge_connects":true,"merge_excludes":true,"merge_includes":true,"merge_matches":true,"orig_excludes":[],"orig_includes":["*://115.com/?ct=file*"],"orig_matches":[],"orig_noframes":null,"orig_run_at":"document-end","use_blockers":[],"use_connects":[],"use_excludes":[],"use_includes":[],"use_matches":[]},"run_at":null,"tab_types":null,"unwrap":null,"compat_powerful_this":null},"settings":{"enabled":false,"position":24},"meta":{"name":"115批量文件迅雷下载（暂不支持文件夹类型下载）","uuid":"c6f45534-4ee9-4b44-96e3-c218831483e6","modified":1519352848822,"file_url":"https://greasyfork.org/scripts/28050-115%E6%89%B9%E9%87%8F%E6%96%87%E4%BB%B6%E8%BF%85%E9%9B%B7%E4%B8%8B%E8%BD%BD-%E6%9A%82%E4%B8%8D%E6%94%AF%E6%8C%81%E6%96%87%E4%BB%B6%E5%A4%B9%E7%B1%BB%E5%9E%8B%E4%B8%8B%E8%BD%BD/code/115%E6%89%B9%E9%87%8F%E6%96%87%E4%BB%B6%E8%BF%85%E9%9B%B7%E4%B8%8B%E8%BD%BD%EF%BC%88%E6%9A%82%E4%B8%8D%E6%94%AF%E6%8C%81%E6%96%87%E4%BB%B6%E5%A4%B9%E7%B1%BB%E5%9E%8B%E4%B8%8B%E8%BD%BD%EF%BC%89.user.js"}}