{"options":{"check_for_updates":true,"comment":null,"compat_foreach":false,"compat_metadata":false,"compat_prototypes":false,"compat_wrappedjsobject":false,"compatopts_for_requires":true,"noframes":null,"override":{"merge_connects":true,"merge_excludes":true,"merge_includes":true,"merge_matches":true,"orig_excludes":[],"orig_includes":[],"orig_matches":["http://www.fuli91.info/video/play/id/*","http://www.63ysk.com/video/play/id/*","http://www.91kb.in/video/play/id/*","http://www.fulise666.com/video/play/id/*","http://www.gongxiangfuli.vip/video/play/id/*","http://www.zbzxfl.com/video/play/id/*","http://www.jdknss.com/video/play/id/*","http://www.1024gongxiang.com/video/play/id/*","http://www.91gxfl.space/video/play/id/*","http://www.gongxiang51.com/video/play/id/*","http://www.zhibo2017.com/video/play/id/*","http://www.zhubo911.com/video/play/id/*","http://www.zhubo1212.com/video/play/id/*","http://www.zhubo760.info/video/play/id/*","http://www.zhubo8.info/video/play/id/*","http://www.zhubo900.info/video/play/id/*","http://www.91gxfl77.com/video/play/id/*","http://www.91gxfl3.com/video/play/id/*","http://www.91gxfl111.com/video/play/id/*","http://www.91gxfl333.com/video/play/id/*","http://www.zhubo350.info/video/play/id/*","http://www.chaopao8.info/video/play/id/*","http://www.91gxfl91gxfl.com/video/play/id/*","http://www.kanfulila.info/video/play/id/*"],"orig_noframes":null,"orig_run_at":"document-idle","use_blockers":[],"use_connects":[],"use_excludes":[],"use_includes":[],"use_matches":[]},"run_at":null,"tab_types":null,"unwrap":null,"compat_powerful_this":null},"settings":{"enabled":false,"position":91},"meta":{"name":"91共享福利无限看","uuid":"d306f7c6-3f72-4645-b34c-bdab3b205d98","modified":1636458004535,"file_url":"https://sleazyfork.org/zh-CN/scripts/374073/code/script.user.js"}}