{"options":{"check_for_updates":true,"comment":null,"compat_foreach":false,"compat_metadata":false,"compat_prototypes":false,"compat_wrappedjsobject":false,"compatopts_for_requires":true,"noframes":null,"override":{"merge_connects":true,"merge_excludes":true,"merge_includes":true,"merge_matches":true,"orig_excludes":[],"orig_includes":["http*://91porn.com/*","http*://www.91porn.com/*","http://*.*p*.space/*"],"orig_matches":[],"orig_noframes":null,"orig_run_at":"document-idle","use_blockers":[],"use_connects":[],"use_excludes":[],"use_includes":[],"use_matches":[]},"run_at":null,"tab_types":null,"unwrap":null,"compat_powerful_this":null},"settings":{"enabled":false,"position":34},"meta":{"name":"91无限次观看脚本","uuid":"fcc8e785-5e35-4e75-85fe-be147edb0c6d","modified":1531312596705,"file_url":"https://sleazyfork.org/scripts/36671-91%E6%97%A0%E9%99%90%E6%AC%A1%E8%A7%82%E7%9C%8B%E8%84%9A%E6%9C%AC/code/91%E6%97%A0%E9%99%90%E6%AC%A1%E8%A7%82%E7%9C%8B%E8%84%9A%E6%9C%AC.user.js"}}