{"ts":1647931879439,"data":{"AdsStyleMode":"s0","AdsStyleMode_Baidu":"s0","AdsStyleMode_Google":"s0","Config":"o{\"isRedirectEnable\":true,\"isAdsEnable\":true,\"isBlockEnable\":false,\"AdsStyleEnable\":true,\"AdsStyleMode_Baidu\":\"4\",\"AdsStyleMode_Google\":\"2\",\"AdsStyleMode_Bing\":\"3\",\"AdsStyleMode_SoGou\":\"3\",\"HuYan_Baidu\":false,\"HuYan_Google\":false,\"HuYan_Bing\":false,\"HuYan_SoGou\":false,\"defaultHuYanColor\":\"#DEF1EF\",\"isUserColorEnable\":false,\"isFaviconEnable\":false,\"defaultFaviconUrl\":\"https://ws1.sinaimg.cn/large/6a155794ly1foijtdzhxhj200w00wjr5.jpg\",\"doDisableSug\":false,\"isRightDisplayEnable\":false,\"isCounterEnable\":true,\"isALineEnable\":false,\"isUserStyleEnable\":false,\"UserBlockList\":[\"baijiahao.baidu.com\"],\"UserStyleText\":\"/**计数器的颜色样式*/\\n.CounterT{\\n    background: #FD9999;\\n}\\n/**右侧栏的样式-其实不开启更好看一些*/\\n#content_right{\\n    padding: 20px 15px 15px;\\n    border-radius: 5px;\\n    background-color: #fff;\\n    box-sizing: border-box;\\n    box-shadow: 0 0 20px 2px rgba(0, 0, 0, .1);\\n    -webkit-box-shadow: 0 0 20px 2px rgba(0, 0, 0, .1);\\n    -moz-box-shadow: 0 0 20px 2px rgba(0, 0, 0, .1);\\n}\",\"oldVersion\":\"23.07\"}","defaultFaviconUrl":"shttps://ws1.sinaimg.cn/large/6a155794ly1foijtdzhxhj200w00wjr5.jpg","doDisableSug":"bfalse","isALineEnable":"btrue","isAdsEnable":"btrue","isCounterEnable":"btrue","isFaviconEnable":"bfalse","isRedirectBaidusEnable":"btrue","isRedirectEnable":"btrue","isRightDisplayEnable":"bfalse"}}