{"options":{"check_for_updates":true,"comment":null,"compat_foreach":false,"compat_metadata":false,"compat_prototypes":false,"compat_wrappedjsobject":false,"compatopts_for_requires":true,"noframes":null,"override":{"merge_connects":true,"merge_excludes":true,"merge_includes":true,"merge_matches":true,"orig_connects":["baidu.com","google.com","google.com.hk","google.com.jp","bing.com","duckduckgo.com","dogedoge.com","so.com"],"orig_excludes":["*://*.google*/sorry*","https://zhidao.baidu.com/*","https://*.zhidao.baidu.com/*","https://www.baidu.com/img/*"],"orig_includes":["*://ipv6.baidu.com/*","*://www.baidu.com/*","*://www1.baidu.com/*","*://m.baidu.com/*","*://xueshu.baidu.com/s*","*://www.so.com/s?*","*://*.bing.com/*","*://encrypted.google.*/search*","*://*.google*/search*","*://*.google*/webhp*","*://*.zhihu.com/*","*://*duckduckgo.com/*","*://*.dogedoge.com/*"],"orig_matches":[],"orig_noframes":null,"orig_run_at":"document-body","use_blockers":[],"use_connects":["www.baidu.com","qq.com","*"],"use_excludes":[],"use_includes":[],"use_matches":[]},"run_at":null,"tab_types":null,"unwrap":null,"compat_powerful_this":null},"settings":{"enabled":false,"position":7},"meta":{"name":"AC-baidu-重定向优化百度搜狗谷歌必应搜索_favicon_双列","uuid":"7f5a1b59-ef6d-42eb-a53b-019ca2bc6920","modified":1649475839409,"file_url":"https://greasyfork.org/scripts/14178-ac-baidu-%E4%BC%98%E5%8C%96%E7%99%BE%E5%BA%A6-%E6%90%9C%E7%8B%97-%E8%B0%B7%E6%AD%8C%E6%90%9C%E7%B4%A2%E7%BB%93%E6%9E%9C%E4%B9%8B%E9%87%8D%E5%AE%9A%E5%90%91%E5%8E%BB%E9%99%A4-%E5%8E%BB%E5%B9%BF%E5%91%8A-favicon/code/AC-baidu%EF%BC%9A%20%E4%BC%98%E5%8C%96%E7%99%BE%E5%BA%A6%E3%80%81%E6%90%9C%E7%8B%97%E3%80%81%E8%B0%B7%E6%AD%8C%E6%90%9C%E7%B4%A2%E7%BB%93%E6%9E%9C%E4%B9%8B%E9%87%8D%E5%AE%9A%E5%90%91%E5%8E%BB%E9%99%A4+%E5%8E%BB%E5%B9%BF%E5%91%8A+favicon.user.js"}}