{"options":{"check_for_updates":true,"comment":null,"compat_foreach":false,"compat_metadata":false,"compat_prototypes":false,"compat_wrappedjsobject":false,"compatopts_for_requires":true,"noframes":null,"override":{"merge_connects":true,"merge_excludes":true,"merge_includes":true,"merge_matches":true,"orig_excludes":[],"orig_includes":["/https?://blog.csdn.net/[^/]+/article/details/.*/"],"orig_matches":[],"orig_noframes":null,"orig_run_at":"document-start","use_blockers":[],"use_connects":[],"use_excludes":[],"use_includes":[],"use_matches":[]},"run_at":null,"tab_types":null,"unwrap":null,"compat_powerful_this":null},"settings":{"enabled":true,"position":21},"meta":{"name":"AC-CSDN自动展开全文","uuid":"809de573-7fc8-40b5-a3dd-c8bbad282f15","modified":1521858267648,"file_url":"https://greasyfork.org/scripts/34712-ac-csdn%E8%87%AA%E5%8A%A8%E9%98%85%E8%AF%BB%E5%85%A8%E6%96%87-%E4%BC%98%E5%8C%96/code/AC-CSDN%E8%87%AA%E5%8A%A8%E9%98%85%E8%AF%BB%E5%85%A8%E6%96%87%EF%BC%8C%E4%BC%98%E5%8C%96.user.js"}}