{"ts":1647931879802,"data":{"biliAppHomeKey":"s5462e740b83831515465d02f76627891","historyRecommend":"s[{\"title\":\"你真的会安慰人么？教你做一个温暖的人\",\"cover\":\"https://i1.hdslb.com/bfs/archive/ad3a1414be752073282ad68f5fb0772c384b7ebb.jpg\",\"uri\":\"bilibili://video/722485612\",\"param\":\"722485612\",\"goto\":\"av\",\"desc\":\"1284弹幕\",\"play\":801379,\"danmaku\":1284,\"reply\":1904,\"favorite\":54861,\"coin\":19230,\"share\":5967,\"like\":44757,\"duration\":284,\"idx\":1640351705,\"cid\":463511624,\"tid\":124,\"tname\":\"社科·法律·心理\",\"tag\":{\"tag_id\":40737,\"tag_name\":\"人文\",\"count\":{\"atten\":570236}},\"dislike_reasons\":[{\"reason_id\":4,\"reason_name\":\"UP主:心理学于悦\"},{\"reason_id\":2,\"reason_name\":\"分区:社科·法律·心理\"},{\"reason_id\":3,\"reason_name\":\"标签:人文\"},{\"reason_id\":1,\"reason_name\":\"不感兴趣\"}],\"ctime\":1639819391,\"autoplay\":1,\"mid\":1167671073,\"name\":\"心理学于悦\",\"face\":\"http://i0.hdslb.com/bfs/face/f1e6222afef589c5f0415b97251746af534a5b6c.jpg\",\"official\":{\"role\":2,\"title\":\"中国政法大学社会学院心理系讲师、中科院心理学博士\"},\"autoplay_card\":2},{\"title\":\"全贝宴\",\"cover\":\"https://i0.hdslb.com/bfs/archive/1e5995e960af078275aba35ae7402e5fa25a5273.jpg\",\"uri\":\"bilibili://video/677592293\",\"param\":\"677592293\",\"goto\":\"av\",\"desc\":\"769弹幕\",\"play\":945597,\"danmaku\":769,\"reply\":890,\"favorite\":1622,\"coin\":641,\"share\":1032,\"like\":45312,\"duration\":81,\"idx\":1640351704,\"cid\":466959173,\"tid\":76,\"tname\":\"美食制作\",\"tag\":{\"tag_id\":20215,\"tag_name\":\"美食\",\"count\":{\"atten\":2015177}},\"dislike_reasons\":[{\"reason_id\":4,\"reason_name\":\"UP主:稻草放毒\"},{\"reason_id\":2,\"reason_name\":\"分区:美食制作\"},{\"reason_id\":3,\"reason_name\":\"标签:美食\"},{\"reason_id\":1,\"reason_name\":\"不感兴趣\"}],\"ctime\":1640256663,\"autoplay\":1,\"mid\":444348914,\"name\":\"稻草放毒\",\"face\":\"http://i2.hdslb.com/bfs/face/6ae61f9aa7ee39f7133acc7f7a76e2d6bdf3354f.jpg\",\"official\":{\"role\":1,\"title\":\"bilibili 知名美食UP主\"}},{\"title\":\"⚡ 给我唱𝙗𝙚𝙡𝙞𝙚𝙫𝙚𝙧是吧 ⚡\",\"cover\":\"https://i0.hdslb.com/bfs/archive/6ab1775789738ece93ae5fa94281499d166159a0.jpg\",\"uri\":\"bilibili://video/550083548\",\"param\":\"550083548\",\"goto\":\"av\",\"desc\":\"900弹幕\",\"play\":381330,\"danmaku\":900,\"reply\":548,\"favorite\":7722,\"coin\":11137,\"share\":2934,\"like\":34331,\"duration\":158,\"idx\":1640351703,\"cid\":466149417,\"tid\":126,\"tname\":\"人力VOCALOID\",\"tag\":{\"tag_id\":68,\"tag_name\":\"鬼畜\",\"count\":{\"atten\":2264437}},\"dislike_reasons\":[{\"reason_id\":4,\"reason_name\":\"UP主:啵嘤777\"},{\"reason_id\":2,\"reason_name\":\"分区:人力VOCALOID\"},{\"reason_id\":3,\"reason_name\":\"标签:鬼畜\"},{\"reason_id\":1,\"reason_name\":\"不感兴趣\"}],\"ctime\":1640144362,\"autoplay\":1,\"mid\":5047522,\"name\":\"啵嘤777\",\"face\":\"http://i1.hdslb.com/bfs/face/092a8e0f5317b242b86d7be8e2904ef481788871.jpg\"},{\"title\":\"圣诞心愿：希望我永远18岁（开枪\",\"cover\":\"https://i2.hdslb.com/bfs/archive/ff5198ece901aab467b71870fc417a102416053b.jpg\",\"uri\":\"bilibili://video/380002383\",\"param\":\"380002383\",\"goto\":\"av\",\"desc\":\"335弹幕\",\"play\":206413,\"danmaku\":335,\"reply\":352,\"favorite\":2149,\"coin\":3274,\"share\":259,\"like\":31218,\"duration\":158,\"idx\":1640351702,\"cid\":467241069,\"tid\":138,\"tname\":\"搞笑\",\"tag\":{\"tag_id\":1833,\"tag_name\":\"搞笑\",\"count\":{\"atten\":2630969}},\"dislike_reasons\":[{\"reason_id\":4,\"reason_name\":\"UP主:良心发作的chunchun\"},{\"reason_id\":2,\"reason_name\":\"分区:搞笑\"},{\"reason_id\":3,\"reason_name\":\"标签:搞笑\"},{\"reason_id\":1,\"reason_name\":\"不感兴趣\"}],\"ctime\":1640333117,\"autoplay\":1,\"mid\":1590705,\"name\":\"良心发作的chunchun\",\"face\":\"http://i0.hdslb.com/bfs/face/1948d2d01b773f4545dc72e1b05cb1139d70e745.jpg\",\"official\":{\"role\":1,\"title\":\"bilibili 新星UP主\",\"desc\":\"“2020新星计划秋季赛”获奖者\"}},{\"title\":\"翻车数次！我终于找到一家成都还不错的铁盆冒菜！\",\"cover\":\"https://i1.hdslb.com/bfs/archive/0c73db9d361821685b4ff4798e2ca800702ac66b.jpg\",\"uri\":\"bilibili://video/850116031\",\"param\":\"850116031\",\"goto\":\"av\",\"desc\":\"1681弹幕\",\"play\":200456,\"danmaku\":1681,\"reply\":323,\"favorite\":929,\"coin\":2843,\"share\":220,\"like\":14351,\"duration\":467,\"idx\":1640351701,\"cid\":466814171,\"tid\":213,\"tname\":\"美食测评\",\"tag\":{\"tag_id\":20215,\"tag_name\":\"美食\",\"count\":{\"atten\":2015177}},\"dislike_reasons\":[{\"reason_id\":4,\"reason_name\":\"UP主:张喜喜-\"},{\"reason_id\":2,\"reason_name\":\"分区:美食测评\"},{\"reason_id\":3,\"reason_name\":\"标签:美食\"},{\"reason_id\":1,\"reason_name\":\"不感兴趣\"}],\"ctime\":1640253611,\"autoplay\":1,\"mid\":227107602,\"name\":\"张喜喜-\",\"face\":\"http://i0.hdslb.com/bfs/face/0e35fb058f1d4d5ac8979ec046b3e1743353ad33.jpg\",\"official\":{\"role\":1,\"title\":\"bilibili 知名美食UP主\"}},{\"title\":\"春晚，你变了！【难忘今朝1991】\",\"cover\":\"https://i1.hdslb.com/bfs/archive/5ed2f4e50b79b5f50e8cae3867da4c53b56c91dc.jpg\",\"uri\":\"bilibili://video/550078757\",\"param\":\"550078757\",\"goto\":\"av\",\"desc\":\"7727弹幕\",\"play\":314630,\"danmaku\":7727,\"reply\":804,\"favorite\":5245,\"coin\":13836,\"share\":1044,\"like\":25682,\"duration\":2070,\"idx\":1640351700,\"cid\":466948754,\"tid\":228,\"tname\":\"人文历史\",\"tag\":{\"tag_id\":40737,\"tag_name\":\"人文\",\"count\":{\"atten\":570236}},\"dislike_reasons\":[{\"reason_id\":4,\"reason_name\":\"UP主:培根悖论唠唠嗑\"},{\"reason_id\":2,\"reason_name\":\"分区:人文历史\"},{\"reason_id\":3,\"reason_name\":\"标签:人文\"},{\"reason_id\":1,\"reason_name\":\"不感兴趣\"}],\"ctime\":1640258082,\"autoplay\":1,\"mid\":386869863,\"name\":\"培根悖论唠唠嗑\",\"face\":\"http://i0.hdslb.com/bfs/face/225b8ef554ed65ac3c5e137262a252ef4b411e64.jpg\",\"official\":{\"role\":1,\"title\":\"bilibili 知名影视UP主\"}},{\"title\":\"【原神】2.4前瞻直播官宣！300原石兑换码预定！2.4版本八大改动和优化！角色卡池顺序仍是谜！\",\"cover\":\"https://i2.hdslb.com/bfs/archive/4493698d0f8d39b7fa3ce41faeaee49db74e411c.jpg\",\"uri\":\"bilibili://video/380049140\",\"param\":\"380049140\",\"goto\":\"av\",\"desc\":\"410弹幕\",\"play\":113601,\"danmaku\":410,\"reply\":726,\"favorite\":511,\"coin\":718,\"share\":220,\"like\":11183,\"duration\":185,\"idx\":1640351699,\"cid\":467397680,\"tid\":172,\"tname\":\"手机游戏\",\"tag\":{\"tag_id\":242172,\"tag_name\":\"游戏资讯\",\"count\":{\"atten\":44983}},\"dislike_reasons\":[{\"reason_id\":4,\"reason_name\":\"UP主:自由大野猪\"},{\"reason_id\":2,\"reason_name\":\"分区:手机游戏\"},{\"reason_id\":3,\"reason_name\":\"标签:游戏资讯\"},{\"reason_id\":1,\"reason_name\":\"不感兴趣\"}],\"ctime\":1640321183,\"autoplay\":1,\"mid\":574115689,\"name\":\"自由大野猪\",\"face\":\"http://i1.hdslb.com/bfs/face/9901d0dbc90fcc9b26a4d7cd5df19433bf2d32eb.jpg\",\"official\":{\"role\":1,\"title\":\"bilibili 知名游戏UP主\"}},{\"title\":\"张艺谋《英雄》横扫多项国际大奖，却被骂20年！用“色彩”还原故事真相【深度解读何为英雄】\",\"cover\":\"https://i0.hdslb.com/bfs/archive/d8cf991e76cd85078a8e142bcd545b4f0d9c0d13.jpg\",\"uri\":\"bilibili://video/722414940\",\"param\":\"722414940\",\"goto\":\"av\",\"desc\":\"4200弹幕\",\"play\":1319911,\"danmaku\":4200,\"reply\":2365,\"favorite\":16050,\"coin\":12297,\"share\":1697,\"like\":55568,\"duration\":1728,\"idx\":1640351698,\"cid\":463438081,\"tid\":182,\"tname\":\"影视杂谈\",\"tag\":{\"tag_id\":111377,\"tag_name\":\"影评\",\"count\":{\"atten\":944866}},\"dislike_reasons\":[{\"reason_id\":4,\"reason_name\":\"UP主:百晓生一请勿催更\"},{\"reason_id\":2,\"reason_name\":\"分区:影视杂谈\"},{\"reason_id\":3,\"reason_name\":\"标签:影评\"},{\"reason_id\":1,\"reason_name\":\"不感兴趣\"}],\"ctime\":1639813558,\"autoplay\":1,\"mid\":445321157,\"name\":\"百晓生一请勿催更\",\"face\":\"http://i2.hdslb.com/bfs/face/b64ed8883179969dbe66b5cc82a7fc2ab8828c89.jpg\",\"official\":{\"role\":1,\"title\":\"bilibili 知名影视UP主\"}},{\"title\":\"大司马上演《奇/葩/id/奇/遇/记》节目效果爆炸！！！！\",\"cover\":\"https://i0.hdslb.com/bfs/archive/9805a594549c733a118cc019df2bdd05a1ed66ab.jpg\",\"uri\":\"bilibili://video/592393415\",\"param\":\"592393415\",\"goto\":\"av\",\"desc\":\"150弹幕\",\"play\":499240,\"danmaku\":150,\"reply\":242,\"favorite\":5339,\"coin\":642,\"share\":2854,\"like\":35636,\"duration\":152,\"idx\":1640351697,\"cid\":465331315,\"tid\":171,\"tname\":\"电子竞技\",\"tag\":{\"tag_id\":9222,\"tag_name\":\"英雄联盟\",\"count\":{\"atten\":1616899}},\"dislike_reasons\":[{\"reason_id\":4,\"reason_name\":\"UP主:三点二十五分\"},{\"reason_id\":2,\"reason_name\":\"分区:电子竞技\"},{\"reason_id\":3,\"reason_name\":\"标签:英雄联盟\"},{\"reason_id\":1,\"reason_name\":\"不感兴趣\"}],\"ctime\":1640055427,\"autoplay\":1,\"mid\":492235072,\"name\":\"三点二十五分\",\"face\":\"http://i1.hdslb.com/bfs/face/db31157bae34a0c70f05791d089a2f404f8cf295.jpg\"},{\"title\":\"bzzb？B站直播！ 我，火星包，来了！\",\"cover\":\"https://i0.hdslb.com/bfs/archive/e40e447b28d1abeae3bbdb0c19e7590a007e8ba1.jpg\",\"uri\":\"bilibili://video/635073678\",\"param\":\"635073678\",\"goto\":\"av\",\"desc\":\"5457弹幕\",\"play\":978862,\"danmaku\":5457,\"reply\":6935,\"favorite\":4258,\"coin\":21976,\"share\":11204,\"like\":48445,\"duration\":310,\"idx\":1640351696,\"cid\":466019833,\"tid\":171,\"tname\":\"电子竞技\",\"tag\":{\"tag_id\":62526,\"tag_name\":\"电子竞技\",\"count\":{\"atten\":112980}},\"dislike_reasons\":[{\"reason_id\":4,\"reason_name\":\"UP主:火星包\"},{\"reason_id\":2,\"reason_name\":\"分区:电子竞技\"},{\"reason_id\":3,\"reason_name\":\"标签:电子竞技\"},{\"reason_id\":1,\"reason_name\":\"不感兴趣\"}],\"ctime\":1640144772,\"autoplay\":1,\"mid\":23383532,\"name\":\"火星包\",\"face\":\"http://i2.hdslb.com/bfs/face/4f9b0479f0f63c918de0c43d377b1d7f10342771.jpg\",\"official\":{\"role\":2,\"title\":\"游戏主播火星包\"}}]","rankingType":"s0"}}