{"options":{"check_for_updates":true,"comment":null,"compat_foreach":false,"compat_metadata":false,"compat_prototypes":false,"compat_wrappedjsobject":false,"compatopts_for_requires":true,"noframes":null,"override":{"merge_connects":true,"merge_excludes":true,"merge_includes":true,"merge_matches":true,"orig_excludes":[],"orig_includes":[],"orig_matches":["*://www.bilibili.com/video/av*","*://bangumi.bilibili.com/anime/*/play*","*://www.bilibili.com/bangumi/play/ep*","*://www.bilibili.com/bangumi/play/ss*","*://www.bilibili.com/watchlater/"],"orig_noframes":null,"orig_run_at":"document-start","use_blockers":[],"use_connects":[],"use_excludes":[],"use_includes":[],"use_matches":[]},"run_at":null,"tab_types":null,"unwrap":null,"compat_powerful_this":null},"settings":{"enabled":false,"position":30},"meta":{"name":"bilibili merged flv+mp4+ass+enhance","uuid":"24a27dfe-1447-4e0a-a34b-f2afc13577d7","modified":1522824689378,"file_url":"https://greasyfork.org/scripts/27819-bilibili-merged-flv-mp4-ass-enhance/code/bilibili%20merged%20flv+mp4+ass+enhance.user.js"}}