{"options":{"check_for_updates":true,"comment":null,"compat_foreach":false,"compat_metadata":false,"compat_prototypes":false,"compat_wrappedjsobject":false,"compatopts_for_requires":true,"noframes":null,"override":{"merge_connects":true,"merge_excludes":true,"merge_includes":true,"merge_matches":true,"orig_connects":[],"orig_excludes":[],"orig_includes":[],"orig_matches":["http*://blog.csdn.net/*/article/details/*","http*://csdnnews.blog.csdn.net/article/details/*"],"orig_noframes":null,"orig_run_at":"document-end","use_blockers":[],"use_connects":[],"use_excludes":[],"use_includes":[],"use_matches":[]},"run_at":null,"tab_types":null,"unwrap":null,"compat_powerful_this":null},"settings":{"enabled":true,"position":47},"meta":{"name":"CSDN优雅美化脚本-免登陆+旧版两栏+屏宽自动适配+自动展开+去广告","uuid":"cbfc5467-9c81-4741-bfa1-243934bf7685","modified":1642731906547,"file_url":"https://greasyfork.org/scripts/373974-csdn-beautify/code/CSDN-Beautify.user.js"}}