{"options":{"check_for_updates":true,"comment":null,"compat_foreach":false,"compat_metadata":false,"compat_prototypes":false,"compat_wrappedjsobject":false,"compatopts_for_requires":true,"noframes":null,"override":{"merge_connects":true,"merge_excludes":true,"merge_includes":true,"merge_matches":true,"orig_excludes":[],"orig_includes":[],"orig_matches":["*://blog.csdn.net/*/article/details/*","*://*.blog.csdn.net/article/details/*","*://bbs.csdn.net/topics/*","*://*.iteye.com/blog/*"],"orig_noframes":null,"orig_run_at":"document-end","use_blockers":[],"use_connects":[],"use_excludes":[],"use_includes":[],"use_matches":[]},"run_at":null,"tab_types":null,"unwrap":null,"compat_powerful_this":null},"settings":{"enabled":true,"position":46},"meta":{"name":"CSDN自动展开+去广告+净化剪贴板+免登陆","uuid":"d11e8d2f-f965-4d93-9623-46aa94030f63","modified":1570615827575,"file_url":"https://greasyfork.org/scripts/372452-csdn%E8%87%AA%E5%8A%A8%E5%B1%95%E5%BC%80-%E5%8E%BB%E5%B9%BF%E5%91%8A-%E5%87%80%E5%8C%96%E5%89%AA%E8%B4%B4%E6%9D%BF-%E5%85%8D%E7%99%BB%E9%99%86/code/CSDN%E8%87%AA%E5%8A%A8%E5%B1%95%E5%BC%80+%E5%8E%BB%E5%B9%BF%E5%91%8A+%E5%87%80%E5%8C%96%E5%89%AA%E8%B4%B4%E6%9D%BF+%E5%85%8D%E7%99%BB%E9%99%86.user.js"}}