{"options":{"check_for_updates":true,"comment":null,"compat_foreach":false,"compat_metadata":false,"compat_prototypes":false,"compat_wrappedjsobject":false,"compatopts_for_requires":true,"noframes":null,"override":{"merge_connects":true,"merge_excludes":true,"merge_includes":true,"merge_matches":true,"orig_excludes":[],"orig_includes":[],"orig_matches":["https://blog.csdn.net/*","http://blog.csdn.net/*"],"orig_noframes":null,"orig_run_at":"document-idle","use_blockers":[],"use_connects":[],"use_excludes":[],"use_includes":[],"use_matches":[]},"run_at":null,"tab_types":null,"unwrap":null,"compat_powerful_this":null},"settings":{"enabled":false,"position":49},"meta":{"name":"CSDN不登录查看全文&CSDN移除广告","uuid":"a0700ad1-2d9f-4cee-a466-236a4c55d8df","modified":1554262592360,"file_url":"https://greasyfork.org/scripts/374925-csdn%E4%B8%8D%E7%99%BB%E5%BD%95%E6%9F%A5%E7%9C%8B%E5%85%A8%E6%96%87-csdn%E7%A7%BB%E9%99%A4%E5%B9%BF%E5%91%8A/code/CSDN%E4%B8%8D%E7%99%BB%E5%BD%95%E6%9F%A5%E7%9C%8B%E5%85%A8%E6%96%87CSDN%E7%A7%BB%E9%99%A4%E5%B9%BF%E5%91%8A.user.js"}}