{"options":{"check_for_updates":true,"comment":null,"compat_foreach":false,"compat_metadata":false,"compat_prototypes":false,"compat_wrappedjsobject":false,"compatopts_for_requires":true,"noframes":null,"override":{"merge_connects":true,"merge_excludes":true,"merge_includes":true,"merge_matches":true,"orig_excludes":[],"orig_includes":[],"orig_matches":["http*://blog.csdn.net/*/article/details/*"],"orig_noframes":null,"orig_run_at":"document-start","use_blockers":[],"use_connects":[],"use_excludes":[],"use_includes":[],"use_matches":[]},"run_at":null,"tab_types":null,"unwrap":null,"compat_powerful_this":null},"settings":{"enabled":false,"position":35},"meta":{"name":"CSDN极致去广告","uuid":"f1ee9773-93ea-41f6-b4db-a33aadf18fc3","modified":1555402050002,"file_url":"https://greasyfork.org/scripts/368155-csdn%E6%9E%81%E8%87%B4%E5%8E%BB%E5%B9%BF%E5%91%8A/code/CSDN%E6%9E%81%E8%87%B4%E5%8E%BB%E5%B9%BF%E5%91%8A.user.js"}}