{"options":{"check_for_updates":true,"comment":null,"compat_foreach":false,"compat_metadata":false,"compat_prototypes":false,"compat_wrappedjsobject":false,"compatopts_for_requires":true,"noframes":null,"override":{"merge_connects":true,"merge_excludes":true,"merge_includes":true,"merge_matches":true,"orig_excludes":[],"orig_includes":[],"orig_matches":["https://www.youtube.com/*","https://www.bilibili.com/*","https://www.baidu.com/*"],"orig_noframes":null,"orig_run_at":"document-idle","use_blockers":[],"use_connects":[],"use_excludes":[],"use_includes":[],"use_matches":["https://www.bilibili.com/video/*"]},"run_at":null,"tab_types":null,"unwrap":null,"compat_powerful_this":null},"settings":{"enabled":false,"position":32},"meta":{"name":"Disable space bar scrolling","uuid":"5a72a007-95fd-4db2-a8db-65625b98f958","modified":1522226451743,"file_url":"https://greasyfork.org/scripts/25035-disable-space-bar-scrolling/code/Disable%20space%20bar%20scrolling.user.js"}}