{"options":{"check_for_updates":true,"comment":null,"compat_foreach":false,"compat_metadata":false,"compat_prototypes":false,"compat_wrappedjsobject":false,"compatopts_for_requires":true,"noframes":null,"override":{"merge_connects":true,"merge_excludes":true,"merge_includes":true,"merge_matches":true,"orig_connects":[],"orig_excludes":["http://maps.google.com/*","https://maps.google.com/*"],"orig_includes":[],"orig_matches":["*://*/*"],"orig_noframes":null,"orig_run_at":"document-idle","use_blockers":[],"use_connects":[],"use_excludes":[],"use_includes":[],"use_matches":[]},"run_at":null,"tab_types":null,"unwrap":null,"compat_powerful_this":null},"settings":{"enabled":false,"position":29},"meta":{"name":"Enhanced word highlight","uuid":"849053e5-e199-4d98-8aa4-2195ced1f876","modified":1649389281964,"file_url":"https://greasyfork.org/scripts/7251-enhanced-word-highlight/code/Enhanced%20word%20highlight.user.js"}}