{"options":{"check_for_updates":true,"comment":null,"compat_foreach":false,"compat_metadata":true,"compat_prototypes":false,"compat_wrappedjsobject":false,"compatopts_for_requires":true,"noframes":null,"override":{"merge_connects":true,"merge_excludes":true,"merge_includes":true,"merge_matches":true,"orig_excludes":[],"orig_includes":[],"orig_matches":["*://pan.baidu.com/disk/home*","*://yun.baidu.com/disk/home*","*://pan.baidu.com/s/*","*://yun.baidu.com/s/*","*://pan.baidu.com/share/link?*","*://yun.baidu.com/share/link?*","*://eyun.baidu.com/s/*","*://eyun.baidu.com/enterprise/share/link?*"],"orig_noframes":null,"orig_run_at":"document-end","use_blockers":[],"use_connects":[],"use_excludes":[],"use_includes":[],"use_matches":[]},"run_at":null,"tab_types":null,"unwrap":null,"compat_powerful_this":null},"settings":{"enabled":false,"position":39},"meta":{"name":"EX-百度云盘","uuid":"d3aa3ac3-fb78-4dee-9c75-6986a9102117","modified":1537456432177,"file_url":"https://greasyfork.org/scripts/26638-ex-%E7%99%BE%E5%BA%A6%E4%BA%91%E7%9B%98/code/EX-%E7%99%BE%E5%BA%A6%E4%BA%91%E7%9B%98.user.js"}}