{"options":{"check_for_updates":true,"comment":null,"compat_foreach":false,"compat_metadata":false,"compat_prototypes":false,"compat_wrappedjsobject":false,"compatopts_for_requires":true,"noframes":null,"override":{"merge_connects":true,"merge_excludes":true,"merge_includes":true,"merge_matches":true,"orig_excludes":[],"orig_includes":[],"orig_matches":["*://www.youtube.com/*"],"orig_noframes":null,"orig_run_at":"document-idle","use_blockers":[],"use_connects":[],"use_excludes":[],"use_includes":[],"use_matches":[]},"run_at":null,"tab_types":null,"unwrap":null,"compat_powerful_this":null},"settings":{"enabled":true,"position":40},"meta":{"name":"Hide youtube google ad","uuid":"b3718a4a-bbb5-4086-805c-d91bd1cdbf98","modified":1636457473377,"file_url":"https://greasyfork.org/scripts/38182-hide-youtube-google-ad/code/Hide%20youtube%20google%20ad.user.js"}}