{"options":{"check_for_updates":true,"comment":null,"compat_foreach":false,"compat_metadata":false,"compat_prototypes":false,"compat_wrappedjsobject":false,"compatopts_for_requires":true,"noframes":null,"override":{"merge_connects":true,"merge_excludes":true,"merge_includes":true,"merge_matches":true,"orig_connects":[],"orig_excludes":[],"orig_includes":[],"orig_matches":["http://*/*","https://*/*"],"orig_noframes":null,"orig_run_at":"document-end","use_blockers":[],"use_connects":[],"use_excludes":["https://www.yuketang.cn/*/*"],"use_includes":[],"use_matches":[]},"run_at":null,"tab_types":null,"unwrap":null,"compat_powerful_this":null},"settings":{"enabled":false,"position":28},"meta":{"name":"HTML5播放器增强插件","uuid":"bcfef664-a003-4a31-a7da-a1df15b9c483","modified":1637817681674,"file_url":"https://greasyfork.org/scripts/27614-html5%E6%92%AD%E6%94%BE%E5%99%A8%E5%A2%9E%E5%BC%BA%E6%8F%92%E4%BB%B6/code/HTML5%E6%92%AD%E6%94%BE%E5%99%A8%E5%A2%9E%E5%BC%BA%E6%8F%92%E4%BB%B6.user.js"}}