{"options":{"check_for_updates":true,"comment":null,"compat_foreach":false,"compat_metadata":false,"compat_prototypes":false,"compat_wrappedjsobject":false,"compatopts_for_requires":true,"noframes":null,"override":{"merge_connects":true,"merge_excludes":true,"merge_includes":true,"merge_matches":true,"orig_connects":[],"orig_excludes":["https://user.qzone.qq.com/*","*olevod.com/index.php/vod/play/id/*","*olevod.tv/index.php/vod/play/id/*"],"orig_includes":["https://*.qq.com/*","https://www.weiyun.com/video_*","https://v.youku.com/v_show/id_*","https://vku.youku.com/live/*","https://video.tudou.com/v/*","https://www.iqiyi.com/*","https://live.bilibili.com/*","https://www.bilibili.com/*","https://www.ixigua.com/*","https://www.acfun.cn/*","http://v.pptv.com/show/*","https://v.pptv.com/show/*","https://www.miguvideo.com/*","https://tv.sohu.com/*","https://film.sohu.com/album/*","https://www.mgtv.com/*","https://pan.baidu.com/*","https://yun.baidu.com/*","https://*.163.com/*","https://*.icourse163.org/*","http://video.sina.*","https://video.sina.*","http://k.sina.*","https://k.sina.*","https://weibo.com/*","https://*.weibo.com/*","https://pan.baidu.com/*","https://yun.baidu.com/*","http://v.ifeng.com/*","https://v.ifeng.com/*","http://news.mtime.com/*","http://video.mtime.com/*","https://www.youtube.com/watch*","https://www.ted.com/talks/*","https://www.yy.com/*","https://www.huya.com/*","https://v.douyu.com/*","https://www.douyu.com/*","https://www.longzhu.com/*","https://www.zhanqi.tv/*","*/play*","*play/*"],"orig_matches":[],"orig_noframes":null,"orig_run_at":"document-start","use_blockers":[],"use_connects":[],"use_excludes":[],"use_includes":[],"use_matches":[]},"run_at":null,"tab_types":null,"unwrap":null,"compat_powerful_this":null},"settings":{"enabled":false,"position":8},"meta":{"name":"HTML5视频播放工具","uuid":"3880c6d0-3f70-43a4-9481-b047174478ce","modified":1648870098900,"file_url":"https://greasyfork.org/scripts/30545-%E8%A7%86%E9%A2%91%E7%AB%99%E5%90%AF%E7%94%A8html5%E6%92%AD%E6%94%BE%E5%99%A8/code/%E8%A7%86%E9%A2%91%E7%AB%99%E5%90%AF%E7%94%A8html5%E6%92%AD%E6%94%BE%E5%99%A8.user.js"}}