{"ts":1653367578485,"data":{"_global_id_":"n26052","globalKeydownEvent":"o{\"data\": {\"isTrusted\": true,\"key\": \"Alt\",\"code\": \"AltLeft\",\"location\": 1,\"ctrlKey\": false,\"shiftKey\": false,\"altKey\": true,\"metaKey\": false,\"repeat\": false,\"isComposing\": false,\"charCode\": 0,\"keyCode\": 18,\"DOM_KEY_LOCATION_STANDARD\": 0,\"DOM_KEY_LOCATION_LEFT\": 1,\"DOM_KEY_LOCATION_RIGHT\": 2,\"DOM_KEY_LOCATION_NUMPAD\": 3,\"detail\": 0,\"which\": 18,\"type\": \"keydown\",\"eventPhase\": 1,\"bubbles\": true,\"cancelable\": true,\"defaultPrevented\": false,\"composed\": true,\"timeStamp\": 127963.29999995232,\"returnValue\": true,\"cancelBubble\": false,\"NONE\": 0,\"CAPTURING_PHASE\": 1,\"AT_TARGET\": 2,\"BUBBLING_PHASE\": 3},\"tabId\": 26051,\"title\": \"创建git忽略文件 - 简书\",\"referrer\": {\"ancestorOrigins\": {\"length\": 0},\"href\": \"https://www.jianshu.com/p/804cecfdb0d0\",\"origin\": \"https://www.jianshu.com\",\"protocol\": \"https:\",\"host\": \"www.jianshu.com\",\"hostname\": \"www.jianshu.com\",\"port\": \"\",\"pathname\": \"/p/804cecfdb0d0\",\"search\": \"\",\"hash\": \"\"},\"updateTime\": 1653367578485}","globalPictureInPictureInfo":"o{\"data\": {\"hasGlobalPictureInPictureElement\": true},\"tabId\": 24923,\"title\": \"【第一期】工程师成长的真相\",\"referrer\": {\"ancestorOrigins\": {\"length\": 0},\"href\": \"https://elearning.kundou.cn/student/course-content/61b9d1020d61073b0d3258b7?entrance=my_tab&lesson=iLGsWtu4p\",\"origin\": \"https://elearning.kundou.cn\",\"protocol\": \"https:\",\"host\": \"elearning.kundou.cn\",\"hostname\": \"elearning.kundou.cn\",\"port\": \"\",\"pathname\": \"/student/course-content/61b9d1020d61073b0d3258b7\",\"search\": \"?entrance=my_tab&lesson=iLGsWtu4p\",\"hash\": \"\"},\"updateTime\": 1650886158341}"}}