{"options":{"check_for_updates":true,"comment":null,"compat_foreach":false,"compat_metadata":false,"compat_prototypes":false,"compat_wrappedjsobject":false,"compatopts_for_requires":true,"noframes":null,"override":{"merge_connects":true,"merge_excludes":true,"merge_includes":true,"merge_matches":true,"orig_connects":["i.pximg.net","i-f.pximg.net","i-cf.pximg.net"],"orig_excludes":[],"orig_includes":["http*://www.pixiv.net*"],"orig_matches":["http://www.pixiv.net/"],"orig_noframes":true,"orig_run_at":"document-end","use_blockers":[],"use_connects":[],"use_excludes":[],"use_includes":[],"use_matches":[]},"run_at":null,"tab_types":null,"unwrap":null,"compat_powerful_this":null},"settings":{"enabled":false,"position":36},"meta":{"name":"Pixiv Plus","uuid":"f6a82372-b44e-45c6-b94a-56a16ad63f34","modified":1637817681805,"file_url":"https://greasyfork.org/scripts/34153-pixiv-plus/code/Pixiv%20Plus.user.js"}}