{"options":{"check_for_updates":true,"comment":null,"compat_foreach":false,"compat_metadata":false,"compat_prototypes":false,"compat_wrappedjsobject":false,"compatopts_for_requires":true,"noframes":null,"override":{"merge_connects":true,"merge_excludes":true,"merge_includes":true,"merge_matches":true,"orig_excludes":[],"orig_includes":[],"orig_matches":["*://*.pornhub.com/view_video.php?viewkey=*","*://*.pornhubpremium.com/view_video.php?viewkey=*"],"orig_noframes":null,"orig_run_at":"document-idle","use_blockers":[],"use_connects":[],"use_excludes":[],"use_includes":[],"use_matches":[]},"run_at":null,"tab_types":null,"unwrap":null,"compat_powerful_this":null},"settings":{"enabled":false,"position":92},"meta":{"name":"Pornhub 视频一键下载 | pornhub.com","uuid":"3558de85-8205-46bd-8fff-ef9c6fd61c3c","modified":1636458009353,"file_url":"https://sleazyfork.org/zh-CN/scripts/392449/code/script.user.js"}}