{"options":{"check_for_updates":true,"comment":null,"compat_foreach":false,"compat_metadata":false,"compat_powerful_this":null,"compat_prototypes":false,"compat_wrappedjsobject":false,"compatopts_for_requires":true,"noframes":null,"override":{"merge_connects":true,"merge_excludes":true,"merge_includes":true,"merge_matches":true,"orig_connects":["rssfinder.vercel.app","rssplus.vercel.app"],"orig_excludes":[],"orig_includes":[],"orig_matches":["http://*/*","https://*/*"],"orig_noframes":true,"orig_run_at":"document-idle","use_blockers":[],"use_connects":[],"use_excludes":[],"use_includes":[],"use_matches":[]},"run_at":null,"tab_types":null,"unwrap":null},"settings":{"enabled":false,"position":73},"meta":{"name":"RSS+ : Show Site All RSS","uuid":"1506eb42-9404-46ad-bb26-526cf29783cd","modified":1653207834563,"file_url":"https://greasyfork.org/scripts/373252-rss-show-site-all-rss/code/RSS+%20:%20Show%20Site%20All%20RSS.user.js"}}