{"options":{"check_for_updates":true,"comment":null,"compat_foreach":false,"compat_metadata":false,"compat_prototypes":false,"compat_wrappedjsobject":false,"compatopts_for_requires":true,"noframes":null,"override":{"merge_connects":true,"merge_excludes":true,"merge_includes":true,"merge_matches":true,"orig_connects":[],"orig_excludes":[],"orig_includes":["*://*.google.tld/*","*://*.yahoo.tld/*"],"orig_matches":["*://*.163.com/*","*://*.1688.com/*","*://*.1ting.com/*","*://*.25pp.com/*","*://*.3dmgame.com/*","*://*.acfun.cn/*","*://*.alternativeto.net/*","*://*.amazon.cn/*","*://*.assrt.net/*","*://*.baidu.com/*","*://*.bbc.co.uk/*","*://*.bilibili.com/*","*://*.bing.com/*","*://*.caniuse.com/*","*://*.cnki.net/*","*://*.cnn.com/*","*://*.dangdang.com/*","*://*.deepl.com/*","*://*.dict.cn/*","*://*.dmhy.org/*","*://*.dnspod.cn/*","*://*.docin.com/*","*://*.douban.com/*","*://*.duckduckgo.com/*","*://*.ebscohost.com/*","*://*.ed2000.com/*","*://*.enginelist.news/*","*://*.facebook.com/*","*://*.feng.com/*","*://*.flickr.com/*","*://*.fnd.io/*","*://*.forfrigg.com/*","*://*.forvo.com/*","*://*.github.com/*","*://*.huaban.com/*","*://*.ifeng.com/*","*://*.imomoe.in/*","*://*.infinitynewtab.com/*","*://*.iqiyi.com/*","*://*.jd.com/*","*://*.jiumodiary.com/*","*://*.kugou.com/*","*://*.kuwo.cn/*","*://*.letv.com/*","*://*.mebook.cc/*","*://*.microsoft.com/*","*://*.moegirl.org/*","*://*.mozilla.org/*","*://*.nicovideo.jp/*","*://*.nyaa.si/*","*://*.pinterest.com/*","*://*.pixiv.net/*","*://*.qq.com/*","*://*.quora.com/*","*://*.rs05.com/*","*://*.runoob.com/*","*://*.rus.ec/*","*://*.searx.me/*","*://*.sina.com.cn/*","*://*.smzdm.com/*","*://*.so.com/*","*://*.sogou.com/*","*://*.sohu.com/*","*://*.soku.com/*","*://*.springer.com/*","*://*.stackoverflow.com/*","*://*.startpage.com/*","*://*.suning.com/*","*://*.taobao.com/*","*://*.thepiratebay.org/*","*://*.tmall.com/*","*://*.toutiao.com/*","*://*.tuoniao.me/*","*://*.twitter.com/*","*://*.userstyles.org/*","*://*.verycd.com/*","*://*.wanfangdata.com.cn/*","*://*.webofknowledge.com/*","*://*.weibo.com/*","*://*.wikipedia.org/*","*://*.xiami.com/*","*://*.xiaoso.net/*","*://*.yandex.com/*","*://*.yhd.com/*","*://*.yinyuetai.com/*","*://*.youdao.com/*","*://*.youtube.com/*","*://*.zdic.net/*","*://*.zhihu.com/*","*://*.zimuzu.tv/*","*://*.ecosia.org/*","*://*.qcc.com/*","*://*.tianyancha.com/*","*://www.iciba.com/*","*://fsofso.com/*","*://*.douyin.com/*"],"orig_noframes":null,"orig_run_at":"document-end","use_blockers":[],"use_connects":[],"use_excludes":[],"use_includes":[],"use_matches":[]},"run_at":null,"tab_types":null,"unwrap":null,"compat_powerful_this":null},"settings":{"enabled":false,"position":71},"meta":{"name":"searchEngineJump 搜索引擎快捷跳转","uuid":"8b1cda8c-a180-4095-8963-29f7dbfa867d","modified":1648006463825,"file_url":"https://greasyfork.org/scripts/27752-searchenginejump-%E6%90%9C%E7%B4%A2%E5%BC%95%E6%93%8E%E5%BF%AB%E6%8D%B7%E8%B7%B3%E8%BD%AC/code/searchEngineJump%20%E6%90%9C%E7%B4%A2%E5%BC%95%E6%93%8E%E5%BF%AB%E6%8D%B7%E8%B7%B3%E8%BD%AC.user.js"}}