{"options":{"check_for_updates":true,"comment":null,"compat_foreach":false,"compat_metadata":false,"compat_prototypes":false,"compat_wrappedjsobject":false,"compatopts_for_requires":true,"noframes":null,"override":{"merge_connects":true,"merge_excludes":true,"merge_includes":true,"merge_matches":true,"orig_excludes":[],"orig_includes":[],"orig_matches":["https://www.youtube.com/*"],"orig_noframes":null,"orig_run_at":"document-idle","use_blockers":[],"use_connects":[],"use_excludes":[],"use_includes":[],"use_matches":[]},"run_at":null,"tab_types":null,"unwrap":null,"compat_powerful_this":null},"settings":{"enabled":false,"position":6},"meta":{"name":"Youtube Best Video Downloader 2","uuid":"2c62aaaf-a4d2-44b5-8f48-61cd2dddfcb0","modified":1519187848971,"file_url":"https://greasyfork.org/scripts/19592-youtube-best-video-downloader-2/code/Youtube%20Best%20Video%20Downloader%202.user.js"}}