{"options":{"check_for_updates":true,"comment":null,"compat_foreach":false,"compat_metadata":false,"compat_powerful_this":null,"compat_prototypes":false,"compat_wrappedjsobject":false,"compatopts_for_requires":true,"noframes":null,"override":{"merge_connects":true,"merge_excludes":true,"merge_includes":true,"merge_matches":true,"orig_connects":[],"orig_excludes":[],"orig_includes":[],"orig_matches":["*://music.163.com/*","*://y.qq.com/*","*://www.kugou.com/*","*://www.kuwo.cn/*","*://www.xiami.com/*","*://music.baidu.com/*","*://www.qingting.fm/*","*://www.lizhi.fm/*","*://music.migu.cn/*","*://www.ximalaya.com/*"],"orig_noframes":null,"orig_run_at":"document-end","use_blockers":[],"use_connects":[],"use_excludes":[],"use_includes":[],"use_matches":[]},"run_at":null,"tab_types":null,"unwrap":null},"settings":{"enabled":true,"position":90},"meta":{"name":"【4年老脚本 常更新】 全网音乐一键免费下载 一键搜索 在线试听 增加手机端app和[无损音乐的下载]2022.04.23更新 全新服务器单独运行","uuid":"2a90c772-e744-4bef-8016-7d5c58425312","modified":1650949219444,"file_url":"https://greasyfork.org/zh-CN/scripts/37058/code/script.user.js"}}