{"ts":1653367566171,"data":{"allconfig":"o{\"baidu\": {\"baidulogo\": true,\"baidulianjie\": true,\"baiduhot\": true,\"baidutbq\": true,\"baidujdq\": true,\"kgbaidued\": true,\"kgbaiduad\": true,\"kggoogleed\": true,\"kggooglead\": true,\"kg360ed\": true,\"kg360ad\": true,\"kgbinged\": true,\"kgbingad\": true,\"kgtwied\": true,\"kgtwimv\": true,\"kgtwiad\": true,\"kgyoued\": true,\"kgyoumv\": true,\"kgyouad\": true,\"kgweixined\": true,\"kgweixinad\": true,\"kgdoubaned\": true,\"kgdoubanad\": true,\"kgzhihued\": true,\"kgzhihuad\": true,\"kgbilied\": true,\"kgbiliad\": false,\"kgweiboed\": true,\"kgweiboad\": true,\"kgweibomv\": true,\"baidueye\": false,\"baidueyecolor\": \"rgba(204,232,207,1)\"},\"google\": {},\"so360\": {},\"pingbiurl\": [],\"whiteurl\": [],\"pingbikw\": []}","allconfigtime":"n1644550811","zkdz_name":"sbaiduga"}}