{"options":{"check_for_updates":true,"comment":null,"compat_foreach":false,"compat_metadata":false,"compat_prototypes":false,"compat_wrappedjsobject":false,"compatopts_for_requires":true,"noframes":null,"override":{"merge_connects":true,"merge_excludes":true,"merge_includes":true,"merge_matches":true,"orig_connects":["zhihu.com","vzuu.com","kuaishou.com","ixigua.com","t.mimixiaoke.com","t.jtm.pub","cdn.jsdelivr.net","pcw-api.iqiyi.com","eb.xcj.pub"],"orig_excludes":[],"orig_includes":["*://wenku.baidu.com/*","*music.163.com*","*://y.qq.com*","*://www.kugou.com*","*://www.kuwo.cn*","*://www.lizhi.fm*","*://*.ximalaya.com*","*://music.migu.cn*","*://*.kuaishou.com/*","*://www.douyin.com/*","*://*.zhihu.com/*","*://v.vzuu.com/video/*","*://video.zhihu.com/video/*","*://bbs.csdn.net/*","*://www.csdn.net/*","*://blog.csdn.net/*/article/details/*","*://*.blog.csdn.net/article/details/*","*://*.youku.com/v_*","*://www.iqiyi.com/*","*://www.iqiyi.com","*://*.iqiyi.com/v_*","*://*.iqiyi.com/w_*","*://*.iqiyi.com/a_*","*://*.le.com/ptv/vplay/*","*://v.qq.com/x/cover/*","*://v.qq.com/x/page/*","*://*.tudou.com/listplay/*","*://*.tudou.com/albumplay/*","*://*.tudou.com/programs/view/*","*://*.mgtv.com/b/*","*://film.sohu.com/album/*","*://tv.sohu.com/v/*","*://*.acfun.cn/v/*","*://*.bilibili.com/video/*","*://*.bilibili.com/anime/*","*://*.bilibili.com/bangumi/play/*","*://*.baofeng.com/play/*","*://vip.pptv.com/show/*","*://v.pptv.com/show/*","*://www.taobao.com/*","*://s.taobao.com/*","*://item.taobao.com/*","*://*detail.tmall.com/*","*://*detail.tmall.hk/*","*://*product.suning.com/*","*://*item.jd.com/*","*://item.yiyaojd.com/*","*://npcitem.jd.hk/*","*://*detail.vip.com/*","*://*mobile.yangkeduo.com/goods*","*://www.xixicai.top/mov/s/*"],"orig_matches":[],"orig_noframes":null,"orig_run_at":"document-idle","use_blockers":[],"use_connects":[],"use_excludes":[],"use_includes":[],"use_matches":[]},"run_at":null,"tab_types":null,"unwrap":null,"compat_powerful_this":null},"settings":{"enabled":false,"position":74},"meta":{"name":"全网VIP视频免费破解去广告、【百度文库】破解|可复制下载、全网音乐直接下载、短视频去水印下载:支持抖音、快手等、知乎使用增强、CSDN使用增强等多功能脚本","uuid":"b98f8538-35d8-49be-8fc6-a095c6d6f0b8","modified":1637817681809,"file_url":"https://greasyfork.org/scripts/398195-%E7%99%BE%E5%BA%A6%E6%96%87%E5%BA%93%E7%A0%B4%E8%A7%A3%E5%8A%A0%E5%BC%BA-%E5%85%A8%E7%BD%91vip%E8%A7%86%E9%A2%91%E7%A0%B4%E8%A7%A3-%E5%8E%BB%E5%B9%BF%E5%91%8A-%E5%85%8D%E8%B4%B9%E5%9C%A8%E7%BA%BF%E7%9C%8B-%E5%85%A8%E7%BD%91%E9%9F%B3%E4%B9%90%E7%9B%B4%E6%8E%A5%E4%B8%8B%E8%BD%BD-%E7%9F%AD%E8%A7%86%E9%A2%91%E5%8E%BB%E6%B0%B4%E5%8D%B0%E4%B8%8B%E8%BD%BD-%E6%94%AF%E6%8C%81%E6%8A%96%E9%9F%B3-%E5%BF%AB%E6%89%8B%E7%AD%89-%E7%9F%A5%E4%B9%8E%E4%BD%BF%E7%94%A8%E5%A2%9E%E5%BC%BA-csdn%E4%BD%BF%E7%94%A8%E5%A2%9E%E5%BC%BA%E7%AD%89%E5%A4%9A%E5%8A%9F%E8%83%BD%E8%84%9A%E6%9C%AC/code/%E7%99%BE%E5%BA%A6%E6%96%87%E5%BA%93%E7%A0%B4%E8%A7%A3%E5%8A%A0%E5%BC%BA%E3%80%81%E5%85%A8%E7%BD%91VIP%E8%A7%86%E9%A2%91%E7%A0%B4%E8%A7%A3,%E5%8E%BB%E5%B9%BF%E5%91%8A,%E5%85%8D%E8%B4%B9%E5%9C%A8%E7%BA%BF%E7%9C%8B%E3%80%81%E5%85%A8%E7%BD%91%E9%9F%B3%E4%B9%90%E7%9B%B4%E6%8E%A5%E4%B8%8B%E8%BD%BD%E3%80%81%E7%9F%AD%E8%A7%86%E9%A2%91%E5%8E%BB%E6%B0%B4%E5%8D%B0%E4%B8%8B%E8%BD%BD:%E6%94%AF%E6%8C%81%E6%8A%96%E9%9F%B3%E3%80%81%E5%BF%AB%E6%89%8B%E7%AD%89%EF%BC%8C%E7%9F%A5%E4%B9%8E%E4%BD%BF%E7%94%A8%E5%A2%9E%E5%BC%BA%E3%80%81CSDN%E4%BD%BF%E7%94%A8%E5%A2%9E%E5%BC%BA%E7%AD%89%E5%A4%9A%E5%8A%9F%E8%83%BD%E8%84%9A%E6%9C%AC.user.js"}}