{"options":{"check_for_updates":true,"comment":null,"compat_foreach":false,"compat_metadata":false,"compat_prototypes":false,"compat_wrappedjsobject":false,"compatopts_for_requires":true,"noframes":null,"override":{"merge_connects":true,"merge_excludes":true,"merge_includes":true,"merge_matches":true,"orig_excludes":["*://www.52pojie.cn/forum.php?mod=post&action=newthread*","*://www.52pojie.cn/forum.php?mod=post&action=edit*"],"orig_includes":[],"orig_matches":["*://www.52pojie.cn/*","*://pan.baidu.com/share/*","*://www.lanzous.com/*"],"orig_noframes":null,"orig_run_at":"document-idle","use_blockers":[],"use_connects":["baidu.com","lanzous.com","pan.lanzou.com"],"use_excludes":[],"use_includes":[],"use_matches":[]},"run_at":null,"tab_types":null,"unwrap":null,"compat_powerful_this":null},"settings":{"enabled":true,"position":51},"meta":{"name":"吾爱破解论坛_百度网盘链接激活 && 提取码自动补全","uuid":"e7f9e9a7-9583-450d-bd84-9735c2fbe53a","modified":1571747393751,"file_url":"https://greasyfork.org/scripts/30117-%E5%90%BE%E7%88%B1%E7%A0%B4%E8%A7%A3%E8%AE%BA%E5%9D%9B-%E7%99%BE%E5%BA%A6%E7%BD%91%E7%9B%98%E9%93%BE%E6%8E%A5%E6%BF%80%E6%B4%BB-%E6%8F%90%E5%8F%96%E7%A0%81%E8%87%AA%E5%8A%A8%E8%A1%A5%E5%85%A8/code/%E5%90%BE%E7%88%B1%E7%A0%B4%E8%A7%A3%E8%AE%BA%E5%9D%9B_%E7%99%BE%E5%BA%A6%E7%BD%91%E7%9B%98%E9%93%BE%E6%8E%A5%E6%BF%80%E6%B4%BB%20%20%E6%8F%90%E5%8F%96%E7%A0%81%E8%87%AA%E5%8A%A8%E8%A1%A5%E5%85%A8.user.js"}}