{"options":{"check_for_updates":true,"comment":null,"compat_foreach":false,"compat_metadata":false,"compat_prototypes":false,"compat_wrappedjsobject":false,"compatopts_for_requires":true,"noframes":null,"override":{"merge_connects":true,"merge_excludes":true,"merge_includes":true,"merge_matches":true,"orig_excludes":[],"orig_includes":["https://2.taobao.com/*","https://s.2.taobao.com/*"],"orig_matches":[],"orig_noframes":null,"orig_run_at":"document-idle","use_blockers":[],"use_connects":[],"use_excludes":[],"use_includes":[],"use_matches":[]},"run_at":null,"tab_types":null,"unwrap":null,"compat_powerful_this":null},"settings":{"enabled":true,"position":12},"meta":{"name":"咸鱼看图助手","uuid":"9dc66149-38d3-47d2-aaed-da0f88fb8647","modified":1519187952820,"file_url":"https://greasyfork.org/scripts/28896-%E5%92%B8%E9%B1%BC%E7%9C%8B%E5%9B%BE%E5%8A%A9%E6%89%8B/code/%E5%92%B8%E9%B1%BC%E7%9C%8B%E5%9B%BE%E5%8A%A9%E6%89%8B.user.js"}}