{"options":{"check_for_updates":true,"comment":null,"compat_foreach":false,"compat_metadata":false,"compat_prototypes":false,"compat_wrappedjsobject":false,"compatopts_for_requires":true,"noframes":null,"override":{"merge_connects":true,"merge_excludes":true,"merge_includes":true,"merge_matches":true,"orig_excludes":["http*://bangumi.bilibili.com/movie/"],"orig_includes":["http*://www.bilibili.com/video/av*","http*://www.bilibili.com/watchlater/*","http*://www.bilibili.com/bangumi/play/ep*","http*://www.bilibili.com/bangumi/play/ss*","http*://bangumi.bilibili.com/anime/*/play*","http*://bangumi.bilibili.com/movie/*"],"orig_matches":[],"orig_noframes":null,"orig_run_at":"document-end","use_blockers":[],"use_connects":[],"use_excludes":[],"use_includes":[],"use_matches":[]},"run_at":null,"tab_types":null,"unwrap":null,"compat_powerful_this":null},"settings":{"enabled":true,"position":31},"meta":{"name":"哔哩哔哩（bilibili.com）播放器调整","uuid":"83aa7c90-0087-45d1-b51a-4c7d84529297","modified":1530876484065,"file_url":"https://greasyfork.org/scripts/21284-%E5%93%94%E5%93%A9%E5%93%94%E5%93%A9-bilibili-com-%E6%92%AD%E6%94%BE%E5%99%A8%E8%B0%83%E6%95%B4/code/%E5%93%94%E5%93%A9%E5%93%94%E5%93%A9%EF%BC%88bilibilicom%EF%BC%89%E6%92%AD%E6%94%BE%E5%99%A8%E8%B0%83%E6%95%B4.user.js"}}