{"ts":1647931879561,"data":{"player_adjustPlayer":"o{\"resizeMiniPlayerSizeResizable\":\"off\",\"adjustPlayerRatio\":\"\",\"adjustPlayerWidth\":\"\",\"autoFocusPosition\":\"player\",\"autoFocus\":true,\"doubleClickFullScreenDelayed\":200,\"doubleClickFullScreen\":true,\"autoWideFullscreen\":\"off\",\"autoWide\":true,\"danmukuPreventShadeType\":\"on\",\"danmukuPreventShade\":true,\"hideDanmukuFilterType_Type\":\"topAndbottom\",\"danmukuType\":\"all\",\"danmuku\":true,\"shortcuts\":{\"nextVideoFramerateKeyCode\":\"shift+39\",\"nextVideoFramerateKeyName\":\"shift + right arrow\",\"nextVideoFramerate\":true,\"prevVideoFramerateKeyCode\":\"shift+37\",\"prevVideoFramerateKeyName\":\"shift + left arrow \",\"prevVideoFramerate\":true,\"nextPlistKeyCode\":\"shift+40\",\"nextPlistKeyName\":\"shift + down arrow \",\"nextPlist\":true,\"prevPlistKeyCode\":\"shift+38\",\"prevPlistKeyName\":\"shift + up arrow \",\"prevPlist\":true,\"resetVideoSpeedKeyCode\":\"90\",\"resetVideoSpeedKeyName\":\"zz\",\"resetVideoSpeed\":true,\"subVideoSpeedKeyCode\":\"88\",\"subVideoSpeedKeyName\":\"xx\",\"subVideoSpeed\":true,\"addVideoSpeedKeyCode\":\"67\",\"addVideoSpeedKeyName\":\"cc\",\"addVideoSpeed\":true,\"lightOnOffKeyCode\":\"71\",\"lightOnOffKeyName\":\"gg\",\"lightOnOff\":true,\"fullscreenKeyCode\":\"13\",\"fullscreenKeyName\":\"enter\",\"fullscreen\":true,\"showHideDanmukuKeyCode\":\"65\",\"showHideDanmukuKeyName\":\"aa\",\"showHideDanmuku\":true,\"playPauseKeyCode\":\"32\",\"playPauseKeyName\":\"spacebar \",\"shortcutsSwitch\":true}}","player_firstrun":"bfalse","player_tips_autoFullScreen":"btrue"}}