{"ts":1647931879620,"data":{"init_window_url":"s","plugin_code":"s","plugin_pickup_time":"s","pull_text":"s{\"baidu\":\"<div style='background-color:#F8F8F8;color:#000;padding:5px;font-size:13px;' tampermonkeyplugin='1' class='quzhuanpan-tampermonkey-cue-box'>此脚本由<a href='https://www.quzhuanpan.com' target='_blank' style='color:#000;padding:0px 5px;display:inline-block;text-decoration:none;font-size:13px;'>[去转盘网]</a>开发提供。找资源、搜文档就上去转盘网。本次共过滤广告：<span id='quzhuanpan-tampermonkey-ad'>%</span>条，共找到重复内容：<span id='quzhuanpan-tampermonkey-search'>@</span>条;</div>\",\"sogou\":\"<div style='background-color:#F8F8F8;color:#000;padding:5px;width:550px;margin-bottom:10px;font-size:13px;' tampermonkeyplugin='1' class='quzhuanpan-tampermonkey-cue-box'>此脚本由<a href='https://www.quzhuanpan.com' target='_blank' style='color:#000;padding:0px 5px;display:inline-block;text-decoration:none;font-size:13px;'>[去转盘网]</a>开发提供。找资源、搜文档就上去转盘网。本次共过滤广告：<span id='quzhuanpan-tampermonkey-ad'>%</span>条。</div>\",\"so\":\"<div style='background-color:#F8F8F8;color:#000;padding:5px;font-size:13px;' tampermonkeyplugin='1' class='quzhuanpan-tampermonkey-cue-box'>此脚本由<a href='https://www.quzhuanpan.com' target='_blank' style='color:#000;padding:0px 5px;display:inline-block;text-decoration:none;font-size:13px;'>[去转盘网]</a>开发提供。找资源、搜文档就上去转盘网。本次共过滤广告：<span id='quzhuanpan-tampermonkey-ad'>%</span>条。</div>\",\"bing\":\"<div style='background-color:#F8F8F8;color:#000;padding:5px;font-size:13px;' tampermonkeyplugin='1' class='quzhuanpan-tampermonkey-cue-box'>此脚本由<a href='https://www.quzhuanpan.com' target='_blank' style='color:#000;padding:0px 5px;display:inline-block;text-decoration:none;font-size:13px;'>[去转盘网]</a>开发提供。找资源、搜文档就上去转盘网。本次共过滤广告：<span id='quzhuanpan-tampermonkey-ad'>%</span>条。</div>\"}","pull_time":"n1577263769117"}}