{"options":{"check_for_updates":true,"comment":null,"compat_foreach":false,"compat_metadata":false,"compat_prototypes":false,"compat_wrappedjsobject":false,"compatopts_for_requires":true,"noframes":null,"override":{"merge_connects":true,"merge_excludes":true,"merge_includes":true,"merge_matches":true,"orig_excludes":["*://www.baidu.com/s?rtt=*","*://www.baidu.com/s?tn=news&rtt=*"],"orig_includes":[],"orig_matches":["*://www.baidu.com","*://www.baidu.com/","*://www.baidu.com/s?*","*://www.baidu.com/baidu?wd=*","*://m.baidu.com/s?*","*://www.so.com/s*","*://www.sogou.com/web*","*://cn.bing.com/search*","*://pan.baidu.com/s/*","*://pan.baidu.com/share/init*","*://wenku.baidu.com/search?*","*://zhidao.baidu.com/search?*","*://wenda.so.com/search/*","*://www.sohu.com","*://*.sohu.com/*"],"orig_noframes":null,"orig_run_at":"document-end","use_blockers":[],"use_connects":[],"use_excludes":[],"use_includes":[],"use_matches":[]},"run_at":null,"tab_types":null,"unwrap":null,"compat_powerful_this":null},"settings":{"enabled":true,"position":44},"meta":{"name":"搜索引擎，搜索结果智能去重 + 广告过滤[用于百度、360、搜狗、必应] + 黑名单广告过滤","uuid":"629c93ea-0b41-4b26-8f43-648a248efa4d","modified":1582874072325,"file_url":"https://greasyfork.org/scripts/376652-%E6%90%9C%E7%B4%A2%E5%BC%95%E6%93%8E-%E6%90%9C%E7%B4%A2%E7%BB%93%E6%9E%9C%E6%99%BA%E8%83%BD%E5%8E%BB%E9%87%8D-%E5%B9%BF%E5%91%8A%E8%BF%87%E6%BB%A4-%E7%94%A8%E4%BA%8E%E7%99%BE%E5%BA%A6-360-%E6%90%9C%E7%8B%97-%E5%BF%85%E5%BA%94-%E9%BB%91%E5%90%8D%E5%8D%95%E5%B9%BF%E5%91%8A%E8%BF%87%E6%BB%A4/code/%E6%90%9C%E7%B4%A2%E5%BC%95%E6%93%8E%EF%BC%8C%E6%90%9C%E7%B4%A2%E7%BB%93%E6%9E%9C%E6%99%BA%E8%83%BD%E5%8E%BB%E9%87%8D%20+%20%E5%B9%BF%E5%91%8A%E8%BF%87%E6%BB%A4%5B%E7%94%A8%E4%BA%8E%E7%99%BE%E5%BA%A6%E3%80%81360%E3%80%81%E6%90%9C%E7%8B%97%E3%80%81%E5%BF%85%E5%BA%94%5D%20+%20%E9%BB%91%E5%90%8D%E5%8D%95%E5%B9%BF%E5%91%8A%E8%BF%87%E6%BB%A4.user.js"}}