{"options":{"check_for_updates":true,"comment":null,"compat_foreach":false,"compat_metadata":false,"compat_prototypes":false,"compat_wrappedjsobject":false,"compatopts_for_requires":true,"noframes":null,"override":{"merge_connects":true,"merge_excludes":true,"merge_includes":true,"merge_matches":true,"orig_excludes":[],"orig_includes":[],"orig_matches":["http://wenku.baidu.com/*","https://wenku.baidu.com/*"],"orig_noframes":null,"orig_run_at":"document-idle","use_blockers":[],"use_connects":[],"use_excludes":[],"use_includes":[],"use_matches":[]},"run_at":null,"tab_types":null,"unwrap":null,"compat_powerful_this":null},"settings":{"enabled":true,"position":25},"meta":{"name":"百度文库界面清理","uuid":"3c920c09-0709-4f10-91ef-430ba9da0273","modified":1544019948311,"file_url":"https://greasyfork.org/scripts/30024-%E7%99%BE%E5%BA%A6%E6%96%87%E5%BA%93%E7%95%8C%E9%9D%A2%E6%B8%85%E7%90%86/code/%E7%99%BE%E5%BA%A6%E6%96%87%E5%BA%93%E7%95%8C%E9%9D%A2%E6%B8%85%E7%90%86.user.js"}}