{"options":{"check_for_updates":true,"comment":null,"compat_foreach":false,"compat_metadata":false,"compat_prototypes":false,"compat_wrappedjsobject":false,"compatopts_for_requires":true,"noframes":null,"override":{"merge_connects":true,"merge_excludes":true,"merge_includes":true,"merge_matches":true,"orig_connects":["*"],"orig_excludes":["https://www.baidu.com/home*","https://www.baidu.com/sf*","https://www.baidu.com/search*","https://www.baidu.com/link*","https://www.baidu.com/s*tn=news*"],"orig_includes":["http://www.baidu.com/","http://www.baidu.com/s?*","http://www.baidu.com/baidu?*","https://www.baidu.com/","https://www.baidu.com/s?*","https://www.baidu.com/baidu?*"],"orig_matches":[],"orig_noframes":null,"orig_run_at":"document-start","use_blockers":[],"use_connects":[],"use_excludes":[],"use_includes":[],"use_matches":[]},"run_at":null,"tab_types":null,"unwrap":null,"compat_powerful_this":null},"settings":{"enabled":false,"position":45},"meta":{"name":"百度搜索 - 优化","uuid":"c5e0b7cd-f08a-48e1-b10f-0dc4ce06e6fb","modified":1638435916374,"file_url":"https://greasyfork.org/scripts/31642-%E7%99%BE%E5%BA%A6%E6%90%9C%E7%B4%A2-%E4%BC%98%E5%8C%96/code/%E7%99%BE%E5%BA%A6%E6%90%9C%E7%B4%A2%20-%20%E4%BC%98%E5%8C%96.user.js"}}