{"options":{"check_for_updates":true,"comment":null,"compat_foreach":false,"compat_metadata":false,"compat_prototypes":false,"compat_wrappedjsobject":false,"compatopts_for_requires":true,"noframes":null,"override":{"merge_connects":true,"merge_excludes":true,"merge_includes":true,"merge_matches":true,"orig_excludes":[],"orig_includes":[],"orig_matches":["*://wenku.baidu.com/view/*"],"orig_noframes":null,"orig_run_at":"document-end","use_blockers":[],"use_connects":[],"use_excludes":[],"use_includes":[],"use_matches":[]},"run_at":null,"tab_types":null,"unwrap":null,"compat_powerful_this":null},"settings":{"enabled":false,"position":42},"meta":{"name":"百度文库文字复制及原格式下载","uuid":"e3bba25e-7fea-4a9f-89d0-87496a0c846e","modified":1583975939949,"file_url":"https://greasyfork.org/scripts/376712-%E7%99%BE%E5%BA%A6%E6%96%87%E5%BA%93%E6%96%87%E5%AD%97%E5%A4%8D%E5%88%B6%E5%8F%8A%E5%8E%9F%E6%A0%BC%E5%BC%8F%E4%B8%8B%E8%BD%BD/code/%E7%99%BE%E5%BA%A6%E6%96%87%E5%BA%93%E6%96%87%E5%AD%97%E5%A4%8D%E5%88%B6%E5%8F%8A%E5%8E%9F%E6%A0%BC%E5%BC%8F%E4%B8%8B%E8%BD%BD.user.js"}}