{"options":{"check_for_updates":true,"comment":null,"compat_foreach":false,"compat_metadata":false,"compat_prototypes":false,"compat_wrappedjsobject":false,"compatopts_for_requires":true,"noframes":null,"override":{"merge_connects":true,"merge_excludes":true,"merge_includes":true,"merge_matches":true,"orig_excludes":[],"orig_includes":[],"orig_matches":["*://*.shiyanlou.com/*","*://*.jianshu.com/*","*://*.zhihu.com/*","*://*.csdn.net/*","*://*.imooc.com/*"],"orig_noframes":null,"orig_run_at":"document-idle","use_blockers":[],"use_connects":[],"use_excludes":[],"use_includes":[],"use_matches":[]},"run_at":null,"tab_types":null,"unwrap":null,"compat_powerful_this":null},"settings":{"enabled":true,"position":48},"meta":{"name":"知乎、简书、csdn、实验楼剪切板消毒","uuid":"3fed0ec9-f96f-4e30-9720-f2869f1415eb","modified":1554262588935,"file_url":"https://greasyfork.org/scripts/367724-%E7%9F%A5%E4%B9%8E-%E7%AE%80%E4%B9%A6-csdn-%E5%AE%9E%E9%AA%8C%E6%A5%BC%E5%89%AA%E5%88%87%E6%9D%BF%E6%B6%88%E6%AF%92/code/%E7%9F%A5%E4%B9%8E%E3%80%81%E7%AE%80%E4%B9%A6%E3%80%81csdn%E3%80%81%E5%AE%9E%E9%AA%8C%E6%A5%BC%E5%89%AA%E5%88%87%E6%9D%BF%E6%B6%88%E6%AF%92.user.js"}}