{"options":{"check_for_updates":true,"comment":null,"compat_foreach":false,"compat_metadata":false,"compat_prototypes":false,"compat_wrappedjsobject":false,"compatopts_for_requires":true,"noframes":null,"override":{"merge_connects":true,"merge_excludes":true,"merge_includes":true,"merge_matches":true,"orig_excludes":[],"orig_includes":[],"orig_matches":["https://www.zhihu.com/*"],"orig_noframes":null,"orig_run_at":"document-start","use_blockers":[],"use_connects":[],"use_excludes":[],"use_includes":[],"use_matches":[]},"run_at":null,"tab_types":null,"unwrap":null,"compat_powerful_this":null},"settings":{"enabled":true,"position":27},"meta":{"name":"知乎 ReFine","uuid":"e6e245ac-f215-420b-896d-76b8cc790e13","modified":1519353075075,"file_url":"https://greasyfork.org/scripts/16384-%E7%9F%A5%E4%B9%8E-refine/code/%E7%9F%A5%E4%B9%8E%20ReFine.user.js"}}