{"options":{"check_for_updates":true,"comment":null,"compat_foreach":false,"compat_metadata":false,"compat_prototypes":false,"compat_wrappedjsobject":false,"compatopts_for_requires":true,"noframes":null,"override":{"merge_connects":true,"merge_excludes":true,"merge_includes":true,"merge_matches":true,"orig_excludes":[],"orig_includes":["*/DefaultResult/Index*","*/KNS8/AdvSearch*","*/detail.aspx*","*/CatalogViewPage.aspx*","*/Article/*"],"orig_matches":["https://www.cnki.net/"],"orig_noframes":null,"orig_run_at":"document-end","use_blockers":[],"use_connects":[],"use_excludes":[],"use_includes":[],"use_matches":[]},"run_at":null,"tab_types":null,"unwrap":null,"compat_powerful_this":null},"settings":{"enabled":true,"position":72},"meta":{"name":"知网下载助手","uuid":"55840bdb-b450-4753-9ce0-7296e2920061","modified":1610081942225,"file_url":"https://greasyfork.org/scripts/371938-%E7%9F%A5%E7%BD%91%E4%B8%8B%E8%BD%BD%E5%8A%A9%E6%89%8B/code/%E7%9F%A5%E7%BD%91%E4%B8%8B%E8%BD%BD%E5%8A%A9%E6%89%8B.user.js"}}