{"options":{"check_for_updates":true,"comment":null,"compat_foreach":false,"compat_metadata":false,"compat_prototypes":false,"compat_wrappedjsobject":false,"compatopts_for_requires":true,"noframes":null,"override":{"merge_connects":true,"merge_excludes":true,"merge_includes":true,"merge_matches":true,"orig_excludes":[],"orig_includes":["http://www.baidu.com/*","https://www.baidu.com/*"],"orig_matches":[],"orig_noframes":null,"orig_run_at":"document-end","use_blockers":[],"use_connects":["baidu.com"],"use_excludes":[],"use_includes":[],"use_matches":[]},"run_at":null,"tab_types":null,"unwrap":null,"compat_powerful_this":null},"settings":{"enabled":true,"position":43},"meta":{"name":"移除百家号搜索结果","uuid":"fbf86571-f6df-4714-bd13-54ad20e09585","modified":1550812014217,"file_url":"https://greasyfork.org/scripts/375240-%E7%A7%BB%E9%99%A4%E7%99%BE%E5%AE%B6%E5%AE%B6%E5%8F%B7%E6%90%9C%E7%B4%A2%E7%BB%93%E6%9E%9C/code/%E7%A7%BB%E9%99%A4%E7%99%BE%E5%AE%B6%E5%AE%B6%E5%8F%B7%E6%90%9C%E7%B4%A2%E7%BB%93%E6%9E%9C.user.js"}}