{"options":{"check_for_updates":true,"comment":null,"compat_foreach":false,"compat_metadata":false,"compat_prototypes":false,"compat_wrappedjsobject":false,"compatopts_for_requires":true,"noframes":null,"override":{"merge_connects":true,"merge_excludes":true,"merge_includes":true,"merge_matches":true,"orig_excludes":[],"orig_includes":[],"orig_matches":["*://music.163.com/*"],"orig_noframes":null,"orig_run_at":"document-idle","use_blockers":[],"use_connects":[],"use_excludes":[],"use_includes":[],"use_matches":[]},"run_at":null,"tab_types":null,"unwrap":null,"compat_powerful_this":null},"settings":{"enabled":true,"position":23},"meta":{"name":"网易云音乐直接下载","uuid":"d7dc7802-fa9b-4156-b9d9-b594cc836736","modified":1617938306819,"file_url":"https://greasyfork.org/scripts/33046-%E7%BD%91%E6%98%93%E4%BA%91%E9%9F%B3%E4%B9%90%E7%9B%B4%E6%8E%A5%E4%B8%8B%E8%BD%BD/code/%E7%BD%91%E6%98%93%E4%BA%91%E9%9F%B3%E4%B9%90%E7%9B%B4%E6%8E%A5%E4%B8%8B%E8%BD%BD.user.js"}}