{"options":{"check_for_updates":true,"comment":null,"compat_foreach":false,"compat_metadata":false,"compat_prototypes":false,"compat_wrappedjsobject":false,"compatopts_for_requires":true,"noframes":null,"override":{"merge_connects":true,"merge_excludes":true,"merge_includes":true,"merge_matches":true,"orig_excludes":[],"orig_includes":["http://pan.baidu.com/share/init?*","http://yun.baidu.com/share/init?*","https://pan.baidu.com/share/init?*","https://yun.baidu.com/share/init?*","https://eyun.baidu.com/enterprise/share/init?*","http://*.yunpan.cn/lk/*","https://*.yunpan.cn/lk/*","http://share.weiyun.com/*"],"orig_matches":[],"orig_noframes":null,"orig_run_at":"document-start","use_blockers":[],"use_connects":[],"use_excludes":[],"use_includes":[],"use_matches":[]},"run_at":null,"tab_types":null,"unwrap":null,"compat_powerful_this":null},"settings":{"enabled":true,"position":17},"meta":{"name":"网盘自动填写提取密码","uuid":"e3f1fbbd-91e5-4d40-9d29-bfcb311c6ad0","modified":1623807193886,"file_url":"https://greasyfork.org/scripts/1002-%E7%BD%91%E7%9B%98%E8%87%AA%E5%8A%A8%E5%A1%AB%E5%86%99%E6%8F%90%E5%8F%96%E5%AF%86%E7%A0%81/code/%E7%BD%91%E7%9B%98%E8%87%AA%E5%8A%A8%E5%A1%AB%E5%86%99%E6%8F%90%E5%8F%96%E5%AF%86%E7%A0%81.user.js"}}