{"options":{"check_for_updates":true,"comment":null,"compat_foreach":false,"compat_metadata":false,"compat_prototypes":false,"compat_wrappedjsobject":false,"compatopts_for_requires":true,"noframes":null,"override":{"merge_connects":true,"merge_excludes":true,"merge_includes":true,"merge_matches":true,"orig_connects":["newday.me","likestyle.cn"],"orig_excludes":[],"orig_includes":[],"orig_matches":["*://pan.baidu.com/*","*://yun.baidu.com/*","*://*.weiyun.com/*","*://*.lanzous.com/*","*://*.lanzoux.com/*","*://cloud.189.cn/*","*://*.newday.me/*","*://*.likestyle.cn/*"],"orig_noframes":null,"orig_run_at":"document-start","use_blockers":[],"use_connects":[],"use_excludes":[],"use_includes":[],"use_matches":[]},"run_at":null,"tab_types":null,"unwrap":null,"compat_powerful_this":null},"settings":{"enabled":false,"position":63},"meta":{"name":"网盘助手","uuid":"4baae8f4-a737-45ef-88cd-b495fccb96cf","modified":1637817681448,"file_url":"https://greasyfork.org/scripts/378301-%E7%BD%91%E7%9B%98%E5%8A%A9%E6%89%8B/code/%E7%BD%91%E7%9B%98%E5%8A%A9%E6%89%8B.user.js"}}