{"ts":1650874706714,"data":{"CatPW":"o{\"date\": \"2022/4/25\",\"sCode\": \"\",\"unPW\": \"\",\"Src\": \"https://www.aliyundrive.com/s/zKG7rDGp3TY#w8x0\",\"surl\": \"\",\"Hash\": \"#w8x0\",\"webSrc\": \"https%3A%2F%2Fwww.bilibili.com%2Fvideo%2FBV1bL4y1W7wW\",\"webTitle\": \"vm%E8%99%9A%E6%8B%9F%E6%9C%BA%E5%AE%89%E8%A3%85%E6%9C%80%E6%96%B0%E8%8B%B9%E6%9E%9C%E7%B3%BB%E7%BB%9F%EF%BC%8CAMD%E5%A4%84%E7%90%86%E5%99%A8%2Bwindows11%2BVMware16%2BmacOS%2012%20Monterey_%E5%93%94%E5%93%A9%E5%93%94%E5%93%A9_bilibili\"}","CatPW_Manage":"o{\"StorageSave\": true,\"UpdataConfig\": {\"UpdataSave\": true,\"UpdataNotify\": true,\"UpdataPlugin\": true,\"UpdataVersion\": \"3.23.35.2\"},\"StorageExp\": 365}"}}