{"ts":1653367052360,"data":{"$check":"o{\"baidu#fdzBtcbyQdku_JNxc_dlaQ\": {\"share_id\": \"fdzBtcbyQdku_JNxc_dlaQ\",\"share_source\": \"baidu\",\"check_state\": 2,\"check_time\": 1624267143631},\"baidu#yJLUqENWukrd3WulBdTGjw\": {\"share_id\": \"yJLUqENWukrd3WulBdTGjw\",\"share_source\": \"baidu\",\"check_state\": 2,\"check_time\": 1624332148709},\"baidu#z0GCEadvefUA8R988qDP5Q\": {\"share_id\": \"z0GCEadvefUA8R988qDP5Q\",\"share_source\": \"baidu\",\"check_state\": 2,\"check_time\": 1624332149961},\"baidu#iKDQuLKfj5jZEW1CQBFCxA\": {\"share_id\": \"iKDQuLKfj5jZEW1CQBFCxA\",\"share_source\": \"baidu\",\"check_state\": 2,\"check_time\": 1624332195604},\"baidu#GOLao-6WmGqUkCXf1CA6qg\": {\"share_id\": \"GOLao-6WmGqUkCXf1CA6qg\",\"share_source\": \"baidu\",\"check_state\": 2,\"check_time\": 1624332195641},\"baidu#3Yc3d_Wg5tt5sLn_KLPveg\": {\"share_id\": \"3Yc3d_Wg5tt5sLn_KLPveg\",\"share_source\": \"baidu\",\"check_state\": 2,\"check_time\": 1624332196424},\"baidu#3LCfK0GUp3L5s2f7ITTyPw\": {\"share_id\": \"3LCfK0GUp3L5s2f7ITTyPw\",\"share_source\": \"baidu\",\"check_state\": 2,\"check_time\": 1624332195771},\"baidu#9CmmJWl0jDzUTJxEcJZ3Tg\": {\"share_id\": \"9CmmJWl0jDzUTJxEcJZ3Tg\",\"share_source\": \"baidu\",\"check_state\": 2,\"check_time\": 1624332195778},\"baidu#-LYpgpMLM240EtEaIlk8Xg\": {\"share_id\": \"-LYpgpMLM240EtEaIlk8Xg\",\"share_source\": \"baidu\",\"check_state\": 2,\"check_time\": 1624332196039},\"baidu#Qe5THKTmDOyonzIkPVe0Og\": {\"share_id\": \"Qe5THKTmDOyonzIkPVe0Og\",\"share_source\": \"baidu\",\"check_state\": 1,\"check_time\": 1624365545907},\"baidu#Kuvad3P9gn39vyONL2glZg\": {\"share_id\": \"Kuvad3P9gn39vyONL2glZg\",\"share_source\": \"baidu\",\"check_state\": 1,\"check_time\": 1624414824353},\"baidu#GWCgerSpMV5Gc_VqhfxAeA\": {\"share_id\": \"GWCgerSpMV5Gc_VqhfxAeA\",\"share_source\": \"baidu\",\"check_state\": -1,\"check_time\": 1624440790177},\"baidu#W0yIVlvSDe_YJW3vJTdZwg\": {\"share_id\": \"W0yIVlvSDe_YJW3vJTdZwg\",\"share_source\": \"baidu\",\"check_state\": -1,\"check_time\": 1624440790678},\"baidu#Ry41OVl9VLOMzhQQR9qXuA\": {\"share_id\": \"Ry41OVl9VLOMzhQQR9qXuA\",\"share_source\": \"baidu\",\"check_state\": 2,\"check_time\": 1646721510936},\"baidu#W3rcl9I-Y8DwWu5p4o--cw\": {\"share_id\": \"W3rcl9I-Y8DwWu5p4o--cw\",\"share_source\": \"baidu\",\"check_state\": 2,\"check_time\": 1624500918784},\"baidu#S5XGTdHkwFnagKS-5vWYBg\": {\"share_id\": \"S5XGTdHkwFnagKS-5vWYBg\",\"share_source\": \"baidu\",\"check_state\": 2,\"check_time\": 1646721510996},\"baidu#HuPtnRvVuTgiwv8FZh0juw\": {\"share_id\": \"HuPtnRvVuTgiwv8FZh0juw\",\"share_source\": \"baidu\",\"check_state\": 2,\"check_time\": 1624501240773},\"baidu#AUBpqsSgamoQGEYpNjJg7A\": {\"share_id\": \"AUBpqsSgamoQGEYpNjJg7A\",\"share_source\": \"baidu\",\"check_state\": 2,\"check_time\": 1624860354858},\"baidu#BrR7AUM1XJvPWjKMIy2uEw\": {\"share_id\": \"BrR7AUM1XJvPWjKMIy2uEw\",\"share_source\": \"baidu\",\"check_state\": 2,\"check_time\": 1637571577364},\"baidu#NIA3pOWYjseFI7Ofv6QoCg\": {\"share_id\": \"NIA3pOWYjseFI7Ofv6QoCg\",\"share_source\": \"baidu\",\"check_state\": 2,\"check_time\": 1627980140458},\"baidu#FwHkvp2esvhyOx1eSZfkog\": {\"share_id\": \"FwHkvp2esvhyOx1eSZfkog\",\"share_source\": \"baidu\",\"check_state\": 2,\"check_time\": 1624863728121},\"baidu#i6oMukH\": {\"share_id\": \"i6oMukH\",\"share_source\": \"baidu\",\"check_state\": 2,\"check_time\": 1624863729521},\"baidu#ww-L9Mjwy-ji3GgLq9NqZQ\": {\"share_id\": \"ww-L9Mjwy-ji3GgLq9NqZQ\",\"share_source\": \"baidu\",\"check_state\": 1,\"check_time\": 1627784537328},\"baidu#Cdv8yVbdjRPGusMjPXbq\": {\"share_id\": \"Cdv8yVbdjRPGusMjPXbq\",\"share_source\": \"baidu\",\"check_state\": -1,\"check_time\": 1627825130557},\"baidu#hem9qbajb7QD8pgro6RTbQ\": {\"share_id\": \"hem9qbajb7QD8pgro6RTbQ\",\"share_source\": \"baidu\",\"check_state\": -1,\"check_time\": 1627906192483},\"baidu#UAxKfsSj9OOpC3ojaLN5IQ\": {\"share_id\": \"UAxKfsSj9OOpC3ojaLN5IQ\",\"share_source\": \"baidu\",\"check_state\": -1,\"check_time\": 1627959520048},\"baidu#PAw3e6AJoZHqAjybS7NHfQ\": {\"share_id\": \"PAw3e6AJoZHqAjybS7NHfQ\",\"share_source\": \"baidu\",\"check_state\": 2,\"check_time\": 1627960267592},\"baidu#cFGPIk9sOJF6IBBLDMEstg\": {\"share_id\": \"cFGPIk9sOJF6IBBLDMEstg\",\"share_source\": \"baidu\",\"check_state\": 2,\"check_time\": 1627960274860},\"baidu#jIoMxxG\": {\"share_id\": \"jIoMxxG\",\"share_source\": \"baidu\",\"check_state\": 2,\"check_time\": 1627960275084},\"baidu#eS5xdYU\": {\"share_id\": \"eS5xdYU\",\"share_source\": \"baidu\",\"check_state\": 1,\"check_time\": 1627960685702},\"baidu#ZXKqzm5p23uUYr6HXUuMaQ\": {\"share_id\": \"ZXKqzm5p23uUYr6HXUuMaQ\",\"share_source\": \"baidu\",\"check_state\": 1,\"check_time\": 1627976935586},\"baidu#WVVo6VDv5NkjgdYfkIO7Fw\": {\"share_id\": \"WVVo6VDv5NkjgdYfkIO7Fw\",\"share_source\": \"baidu\",\"check_state\": 2,\"check_time\": 1637137950609},\"baidu#YB_7BEcJ8MNU3Wj6osnO-g\": {\"share_id\": \"YB_7BEcJ8MNU3Wj6osnO-g\",\"share_source\": \"baidu\",\"check_state\": 1,\"check_time\": 1627999403513},\"baidu#UuiMIGyFhWZV1Gq9eW1VVg\": {\"share_id\": \"UuiMIGyFhWZV1Gq9eW1VVg\",\"share_source\": \"baidu\",\"check_state\": 2,\"check_time\": 1628084338724},\"baidu#LXJBXJkB84jXFs3TMltprQ\": {\"share_id\": \"LXJBXJkB84jXFs3TMltprQ\",\"share_source\": \"baidu\",\"check_state\": 2,\"check_time\": 1628084338650},\"baidu#StDTkn-wEGRtcoQSqwGsuQ\": {\"share_id\": \"StDTkn-wEGRtcoQSqwGsuQ\",\"share_source\": \"baidu\",\"check_state\": 2,\"check_time\": 1628228562591},\"baidu#D7-Yj5CgdtCshPIyQ4iu4w\": {\"share_id\": \"D7-Yj5CgdtCshPIyQ4iu4w\",\"share_source\": \"baidu\",\"check_state\": 2,\"check_time\": 1628228563054},\"baidu#HBz\": {\"share_id\": \"HBz\",\"share_source\": \"baidu\",\"check_state\": 1,\"check_time\": 1628315506694},\"baidu#TqK5ru8x4Sr1XiAOFv64eA\": {\"share_id\": \"TqK5ru8x4Sr1XiAOFv64eA\",\"share_source\": \"baidu\",\"check_state\": 2,\"check_time\": 1628401053171},\"baidu#yCCeNMb0FNCJKDIE6EASYA\": {\"share_id\": \"yCCeNMb0FNCJKDIE6EASYA\",\"share_source\": \"baidu\",\"check_state\": 2,\"check_time\": 1628659143210},\"baidu#WsL-sPwcKAcHaUGqfXZdBA\": {\"share_id\": \"WsL-sPwcKAcHaUGqfXZdBA\",\"share_source\": \"baidu\",\"check_state\": 2,\"check_time\": 1628747364294},\"baidu#c1bsVHe\": {\"share_id\": \"c1bsVHe\",\"share_source\": \"baidu\",\"check_state\": 1,\"check_time\": 1628924653163},\"baidu#WtDCITcoJPpWke0yEDh2nw\": {\"share_id\": \"WtDCITcoJPpWke0yEDh2nw\",\"share_source\": \"baidu\",\"check_state\": 2,\"check_time\": 1629019721932},\"baidu#AOgDeGCqoOsvhGWu27Vrtg\": {\"share_id\": \"AOgDeGCqoOsvhGWu27Vrtg\",\"share_source\": \"baidu\",\"check_state\": 2,\"check_time\": 1629025659083},\"baidu#AuvZ1zKXBUIJDBGW80GS4g\": {\"share_id\": \"AuvZ1zKXBUIJDBGW80GS4g\",\"share_source\": \"baidu\",\"check_state\": 2,\"check_time\": 1629164059783},\"baidu#X2D6ZxC06QbLYJVecBwpig\": {\"share_id\": \"X2D6ZxC06QbLYJVecBwpig\",\"share_source\": \"baidu\",\"check_state\": 2,\"check_time\": 1629164060761},\"baidu#oQ3FgkjrS76fwVZM8ibaIQ\": {\"share_id\": \"oQ3FgkjrS76fwVZM8ibaIQ\",\"share_source\": \"baidu\",\"check_state\": 2,\"check_time\": 1629198831449},\"baidu#hJR8BPHSdgd8vjDfu0A6jw\": {\"share_id\": \"hJR8BPHSdgd8vjDfu0A6jw\",\"share_source\": \"baidu\",\"check_state\": 2,\"check_time\": 1629271140323},\"baidu#G2DaoH3TNOgve-fRcinaMg\": {\"share_id\": \"G2DaoH3TNOgve-fRcinaMg\",\"share_source\": \"baidu\",\"check_state\": 2,\"check_time\": 1629445565717},\"baidu#HBzmxcPJokPPSu9uj1oQeg\": {\"share_id\": \"HBzmxcPJokPPSu9uj1oQeg\",\"share_source\": \"baidu\",\"check_state\": 2,\"check_time\": 1629637262322},\"baidu#4-Gaiwb7qiDET-cg\": {\"share_id\": \"4-Gaiwb7qiDET-cg\",\"share_source\": \"baidu\",\"check_state\": -1,\"check_time\": 1629721935604},\"baidu#WCkaPVCnK08nHUTercqbZw\": {\"share_id\": \"WCkaPVCnK08nHUTercqbZw\",\"share_source\": \"baidu\",\"check_state\": 2,\"check_time\": 1630657932528},\"baidu#CUicRKtYchFuxI2SWh49FA\": {\"share_id\": \"CUicRKtYchFuxI2SWh49FA\",\"share_source\": \"baidu\",\"check_state\": 2,\"check_time\": 1629896711883},\"baidu#7ChKeW\": {\"share_id\": \"7ChKeW\",\"share_source\": \"baidu\",\"check_state\": -1,\"check_time\": 1629896828994},\"baidu#2-QG20hli7NHbsq__jzzyQ\": {\"share_id\": \"2-QG20hli7NHbsq__jzzyQ\",\"share_source\": \"baidu\",\"check_state\": 2,\"check_time\": 1630062365430},\"baidu#dRNDPW_WjV6vb3liiLPqHA\": {\"share_id\": \"dRNDPW_WjV6vb3liiLPqHA\",\"share_source\": \"baidu\",\"check_state\": 2,\"check_time\": 1630207127197},\"baidu#w6SbSkcjqFN1WiG2oS7XaA\": {\"share_id\": \"w6SbSkcjqFN1WiG2oS7XaA\",\"share_source\": \"baidu\",\"check_state\": 2,\"check_time\": 1630209580513},\"baidu#DlkBN8dRWmCHymyD4pJMCg\": {\"share_id\": \"DlkBN8dRWmCHymyD4pJMCg\",\"share_source\": \"baidu\",\"check_state\": 2,\"check_time\": 1630209580536},\"baidu#5eMLovSIrdCLoILMjr4vBQ\": {\"share_id\": \"5eMLovSIrdCLoILMjr4vBQ\",\"share_source\": \"baidu\",\"check_state\": 2,\"check_time\": 1630209580560},\"baidu#0QdNpX0fdMH571LA3M8asA\": {\"share_id\": \"0QdNpX0fdMH571LA3M8asA\",\"share_source\": \"baidu\",\"check_state\": 2,\"check_time\": 1630209580751},\"baidu#fAjT7l16hY8ryXlknnSL-A\": {\"share_id\": \"fAjT7l16hY8ryXlknnSL-A\",\"share_source\": \"baidu\",\"check_state\": 2,\"check_time\": 1630209580757},\"baidu#1WpEqd9Fa7Ur5dH1XJdGtg\": {\"share_id\": \"1WpEqd9Fa7Ur5dH1XJdGtg\",\"share_source\": \"baidu\",\"check_state\": 2,\"check_time\": 1630209581918},\"baidu#4-Gaiwb7qiDET-cgP92eMQ\": {\"share_id\": \"4-Gaiwb7qiDET-cgP92eMQ\",\"share_source\": \"baidu\",\"check_state\": 2,\"check_time\": 1630302707972},\"baidu#HNnGWmBxEpWriUe2EP0l9A\": {\"share_id\": \"HNnGWmBxEpWriUe2EP0l9A\",\"share_source\": \"baidu\",\"check_state\": 2,\"check_time\": 1630378203669},\"baidu#7T1MR6R7EQ4zvgeokTMFeA\": {\"share_id\": \"7T1MR6R7EQ4zvgeokTMFeA\",\"share_source\": \"baidu\",\"check_state\": -1,\"check_time\": 1630378609393},\"baidu#gVVQ58fZ8ori-O7rWKpRPQ\": {\"share_id\": \"gVVQ58fZ8ori-O7rWKpRPQ\",\"share_source\": \"baidu\",\"check_state\": 2,\"check_time\": 1630378228670},\"baidu#Q-0SzmEmJ38_qIRG8Ykfaw\": {\"share_id\": \"Q-0SzmEmJ38_qIRG8Ykfaw\",\"share_source\": \"baidu\",\"check_state\": 2,\"check_time\": 1630395646379},\"baidu#thQ6JpFRWW9JcM1CGUT-3Q\": {\"share_id\": \"thQ6JpFRWW9JcM1CGUT-3Q\",\"share_source\": \"baidu\",\"check_state\": 2,\"check_time\": 1630567089150},\"baidu#3jmbPycGUmjP9UK02O0QEQ\": {\"share_id\": \"3jmbPycGUmjP9UK02O0QEQ\",\"share_source\": \"baidu\",\"check_state\": 2,\"check_time\": 1630649718487},\"baidu#dNnN4tgaulbKQga29VggBQ\": {\"share_id\": \"dNnN4tgaulbKQga29VggBQ\",\"share_source\": \"baidu\",\"check_state\": 2,\"check_time\": 1630649739183},\"baidu#RGomoDfVeERnko40LEUaqA\": {\"share_id\": \"RGomoDfVeERnko40LEUaqA\",\"share_source\": \"baidu\",\"check_state\": 2,\"check_time\": 1631681624654},\"baidu#PtTAGDyGj4pZ4dAa2-UWaw\": {\"share_id\": \"PtTAGDyGj4pZ4dAa2-UWaw\",\"share_source\": \"baidu\",\"check_state\": 2,\"check_time\": 1630658679485},\"baidu#k5FghNZCjD9pPIlvUQ\": {\"share_id\": \"k5FghNZCjD9pPIlvUQ\",\"share_source\": \"baidu\",\"check_state\": -1,\"check_time\": 1630893415340},\"baidu#k5FghNZCjD9pPIlvUQTQwQ\": {\"share_id\": \"k5FghNZCjD9pPIlvUQTQwQ\",\"share_source\": \"baidu\",\"check_state\": 2,\"check_time\": 1630893416048},\"baidu#Gbc7kYvrKG1eGY9wG31TPw\": {\"share_id\": \"Gbc7kYvrKG1eGY9wG31TPw\",\"share_source\": \"baidu\",\"check_state\": 2,\"check_time\": 1649321174237},\"ty189#zQJvAjyymY3q\": {\"share_id\": \"zQJvAjyymY3q\",\"share_source\": \"ty189\",\"check_state\": -1,\"check_time\": 1649321208426},\"baidu#RGomoDf\": {\"share_id\": \"RGomoDf\",\"share_source\": \"baidu\",\"check_state\": -1,\"check_time\": 1631067400354},\"baidu#DAWIozLBPAd-xoD5jDJHTg\": {\"share_id\": \"DAWIozLBPAd-xoD5jDJHTg\",\"share_source\": \"baidu\",\"check_state\": 1,\"check_time\": 1631181446363},\"baidu#3DKK-c1KCEVVRR3zVz_EHg\": {\"share_id\": \"3DKK-c1KCEVVRR3zVz_EHg\",\"share_source\": \"baidu\",\"check_state\": -1,\"check_time\": 1631263509840},\"baidu#9isUT-yriTeSN9YzRqixgw\": {\"share_id\": \"9isUT-yriTeSN9YzRqixgw\",\"share_source\": \"baidu\",\"check_state\": 2,\"check_time\": 1631263510180},\"baidu#1hfd52rVG8e70YUMxCDh8g\": {\"share_id\": \"1hfd52rVG8e70YUMxCDh8g\",\"share_source\": \"baidu\",\"check_state\": 2,\"check_time\": 1631533031958},\"baidu#2ucmBTCYb466Bh3RB48OTQ\": {\"share_id\": \"2ucmBTCYb466Bh3RB48OTQ\",\"share_source\": \"baidu\",\"check_state\": -1,\"check_time\": 1631533967596},\"baidu#d3CIP9vPDirvhWhjz2bbrQ\": {\"share_id\": \"d3CIP9vPDirvhWhjz2bbrQ\",\"share_source\": \"baidu\",\"check_state\": 2,\"check_time\": 1631695085400},\"baidu#xlx4TJT9z4Yrr1KpD4ylWw\": {\"share_id\": \"xlx4TJT9z4Yrr1KpD4ylWw\",\"share_source\": \"baidu\",\"check_state\": 2,\"check_time\": 1631695085401},\"baidu#KwSpEDMwZdZKQ_vuMHvIoA\": {\"share_id\": \"KwSpEDMwZdZKQ_vuMHvIoA\",\"share_source\": \"baidu\",\"check_state\": 2,\"check_time\": 1631695088398},\"baidu#28aOwcZfY4w-enqBIzXy7Q\": {\"share_id\": \"28aOwcZfY4w-enqBIzXy7Q\",\"share_source\": \"baidu\",\"check_state\": 2,\"check_time\": 1631695310512},\"baidu#5PMt7s-ASpyDwtS__4cUhg\": {\"share_id\": \"5PMt7s-ASpyDwtS__4cUhg\",\"share_source\": \"baidu\",\"check_state\": 2,\"check_time\": 1633916984841},\"ty189#R7ZR7f73aEBb\": {\"share_id\": \"R7ZR7f73aEBb\",\"share_source\": \"ty189\",\"check_state\": 1,\"check_time\": 1633576690529},\"weiyun#9AoT5qbY\": {\"share_id\": \"9AoT5qbY\",\"share_source\": \"weiyun\",\"check_state\": 2,\"check_time\": 1633576690692},\"baidu#HKfiZ0VJr0Azd4Wokx3XaQ\": {\"share_id\": \"HKfiZ0VJr0Azd4Wokx3XaQ\",\"share_source\": \"baidu\",\"check_state\": 2,\"check_time\": 1633576692736},\"weiyun#55J7r6D\": {\"share_id\": \"55J7r6D\",\"share_source\": \"weiyun\",\"check_state\": 2,\"check_time\": 1633612512772},\"baidu#F3m-7k1ocm9KQ4zLJia4uQ\": {\"share_id\": \"F3m-7k1ocm9KQ4zLJia4uQ\",\"share_source\": \"baidu\",\"check_state\": 1,\"check_time\": 1633612587010},\"baidu#9fgBug_5_3lFZTWyTg-rbw\": {\"share_id\": \"9fgBug_5_3lFZTWyTg-rbw\",\"share_source\": \"baidu\",\"check_state\": -1,\"check_time\": 1633612752943},\"baidu#Ax6ymDaBeVbMM2aYHBjt3A\": {\"share_id\": \"Ax6ymDaBeVbMM2aYHBjt3A\",\"share_source\": \"baidu\",\"check_state\": -1,\"check_time\": 1633612747537},\"baidu#3zHLIp5FCscqA4HjAWDeCg\": {\"share_id\": \"3zHLIp5FCscqA4HjAWDeCg\",\"share_source\": \"baidu\",\"check_state\": 2,\"check_time\": 1633612748606},\"baidu#jNfdbRce-tHMVb7CW_GVUQ\": {\"share_id\": \"jNfdbRce-tHMVb7CW_GVUQ\",\"share_source\": \"baidu\",\"check_state\": 2,\"check_time\": 1633612750990},\"baidu#XFIM5MuyXuCq2omXq--tNA\": {\"share_id\": \"XFIM5MuyXuCq2omXq--tNA\",\"share_source\": \"baidu\",\"check_state\": 1,\"check_time\": 1633673855063},\"ty189#7ZjQNvueAvau\": {\"share_id\": \"7ZjQNvueAvau\",\"share_source\": \"ty189\",\"check_state\": 1,\"check_time\": 1633692446062},\"baidu#TXIGLN7-BwzYvmE1QaFpZw\": {\"share_id\": \"TXIGLN7-BwzYvmE1QaFpZw\",\"share_source\": \"baidu\",\"check_state\": 2,\"check_time\": 1633692448062},\"weiyun#F7YxHQwm\": {\"share_id\": \"F7YxHQwm\",\"share_source\": \"weiyun\",\"check_state\": 1,\"check_time\": 1633757041043},\"baidu#xd6Jn4O8SYTJU-NPHQXjqA\": {\"share_id\": \"xd6Jn4O8SYTJU-NPHQXjqA\",\"share_source\": \"baidu\",\"check_state\": -1,\"check_time\": 1633783129452},\"baidu#1NYXBvSBMjh7f5sv-OyEmg\": {\"share_id\": \"1NYXBvSBMjh7f5sv-OyEmg\",\"share_source\": \"baidu\",\"check_state\": 2,\"check_time\": 1634265390369},\"baidu#bK-rJrDVZUSjC1s3XnMlGA\": {\"share_id\": \"bK-rJrDVZUSjC1s3XnMlGA\",\"share_source\": \"baidu\",\"check_state\": -1,\"check_time\": 1634265509325},\"baidu#1csIyLb0ylruNnp2h5x9yg\": {\"share_id\": \"1csIyLb0ylruNnp2h5x9yg\",\"share_source\": \"baidu\",\"check_state\": -1,\"check_time\": 1634265511118},\"ty189#j2i2mmmeU7vq\": {\"share_id\": \"j2i2mmmeU7vq\",\"share_source\": \"ty189\",\"check_state\": 1,\"check_time\": 1634265555299},\"baidu#kVzMwzd\": {\"share_id\": \"kVzMwzd\",\"share_source\": \"baidu\",\"check_state\": -1,\"check_time\": 1634349825451},\"baidu#pLQbO8r\": {\"share_id\": \"pLQbO8r\",\"share_source\": \"baidu\",\"check_state\": -1,\"check_time\": 1634349824452},\"baidu#PZR8vrB9PI6FiNBMdMuQww\": {\"share_id\": \"PZR8vrB9PI6FiNBMdMuQww\",\"share_source\": \"baidu\",\"check_state\": -1,\"check_time\": 1634349964775},\"baidu#8fQMzp6sBsAso7V9CQk9OA\": {\"share_id\": \"8fQMzp6sBsAso7V9CQk9OA\",\"share_source\": \"baidu\",\"check_state\": 2,\"check_time\": 1634369477004},\"baidu#IaLdQejluWBm9n\": {\"share_id\": \"IaLdQejluWBm9n\",\"share_source\": \"baidu\",\"check_state\": -1,\"check_time\": 1634373318010},\"baidu#A6G5B41whDPmpPiUE2t3pw\": {\"share_id\": \"A6G5B41whDPmpPiUE2t3pw\",\"share_source\": \"baidu\",\"check_state\": 2,\"check_time\": 1634632244937},\"baidu#PK3VoarNl3kRibbsUTuy\": {\"share_id\": \"PK3VoarNl3kRibbsUTuy\",\"share_source\": \"baidu\",\"check_state\": -1,\"check_time\": 1634643727025},\"baidu#V10sHErNdLXOGbhRr3ZiOg\": {\"share_id\": \"V10sHErNdLXOGbhRr3ZiOg\",\"share_source\": \"baidu\",\"check_state\": 2,\"check_time\": 1634736937197},\"baidu#WMu-eeEJPjlQAM-bulyvEg\": {\"share_id\": \"WMu-eeEJPjlQAM-bulyvEg\",\"share_source\": \"baidu\",\"check_state\": 2,\"check_time\": 1634794274065},\"baidu#SwVDsBcMX8lHdJsh3S5gXw\": {\"share_id\": \"SwVDsBcMX8lHdJsh3S5gXw\",\"share_source\": \"baidu\",\"check_state\": 2,\"check_time\": 1634794274960},\"baidu#RppuU7_28Tri3Mgzv9k_fw\": {\"share_id\": \"RppuU7_28Tri3Mgzv9k_fw\",\"share_source\": \"baidu\",\"check_state\": 2,\"check_time\": 1634806138160},\"baidu#-Rm9PU7ekU3zx_7gTB9ibw\": {\"share_id\": \"-Rm9PU7ekU3zx_7gTB9ibw\",\"share_source\": \"baidu\",\"check_state\": -1,\"check_time\": 1634807078202},\"weiyun#qqx78Pv5\": {\"share_id\": \"qqx78Pv5\",\"share_source\": \"weiyun\",\"check_state\": 1,\"check_time\": 1634873190300},\"weiyun#A4ubD1DD\": {\"share_id\": \"A4ubD1DD\",\"share_source\": \"weiyun\",\"check_state\": 1,\"check_time\": 1634873191298},\"weiyun#iCkzATAw\": {\"share_id\": \"iCkzATAw\",\"share_source\": \"weiyun\",\"check_state\": 1,\"check_time\": 1634873191299},\"weiyun#33eLjnVL\": {\"share_id\": \"33eLjnVL\",\"share_source\": \"weiyun\",\"check_state\": 1,\"check_time\": 1634873191300},\"weiyun#djX6MDwM\": {\"share_id\": \"djX6MDwM\",\"share_source\": \"weiyun\",\"check_state\": 1,\"check_time\": 1634873191301},\"weiyun#uTM4i2jG\": {\"share_id\": \"uTM4i2jG\",\"share_source\": \"weiyun\",\"check_state\": 1,\"check_time\": 1634873191301},\"weiyun#aSKjdpbL\": {\"share_id\": \"aSKjdpbL\",\"share_source\": \"weiyun\",\"check_state\": 1,\"check_time\": 1634873192299},\"weiyun#UNPZr3dk\": {\"share_id\": \"UNPZr3dk\",\"share_source\": \"weiyun\",\"check_state\": 1,\"check_time\": 1634873192299},\"weiyun#5NmJ6Rk\": {\"share_id\": \"5NmJ6Rk\",\"share_source\": \"weiyun\",\"check_state\": 1,\"check_time\": 1634873192300},\"baidu#JX0BoAroPChBQrXYnybqzg\": {\"share_id\": \"JX0BoAroPChBQrXYnybqzg\",\"share_source\": \"baidu\",\"check_state\": 2,\"check_time\": 1635248480373},\"baidu#hmC\": {\"share_id\": \"hmC\",\"share_source\": \"baidu\",\"check_state\": 1,\"check_time\": 1634874974606},\"baidu#7pr-he0HEBycHtUdfqWr3g\": {\"share_id\": \"7pr-he0HEBycHtUdfqWr3g\",\"share_source\": \"baidu\",\"check_state\": 2,\"check_time\": 1635128871780},\"baidu#7LAPB-7wsGFPVpHF51tI-w\": {\"share_id\": \"7LAPB-7wsGFPVpHF51tI-w\",\"share_source\": \"baidu\",\"check_state\": 2,\"check_time\": 1635128871898},\"baidu#55Qxztpc-DU_zmrSOUvS5Q\": {\"share_id\": \"55Qxztpc-DU_zmrSOUvS5Q\",\"share_source\": \"baidu\",\"check_state\": 2,\"check_time\": 1635128872214},\"baidu#GXNPm5_DuzVVoKob2pZguA\": {\"share_id\": \"GXNPm5_DuzVVoKob2pZguA\",\"share_source\": \"baidu\",\"check_state\": 2,\"check_time\": 1635128872856},\"baidu#ZkVapEsMcqJz3-PfTF2kSA\": {\"share_id\": \"ZkVapEsMcqJz3-PfTF2kSA\",\"share_source\": \"baidu\",\"check_state\": 2,\"check_time\": 1635153333674},\"weiyun#5N840Hm\": {\"share_id\": \"5N840Hm\",\"share_source\": \"weiyun\",\"check_state\": 1,\"check_time\": 1635153381362},\"weiyun#5EtJ4dJ\": {\"share_id\": \"5EtJ4dJ\",\"share_source\": \"weiyun\",\"check_state\": 1,\"check_time\": 1635153381474},\"weiyun#5LSzur7\": {\"share_id\": \"5LSzur7\",\"share_source\": \"weiyun\",\"check_state\": 1,\"check_time\": 1635153506347},\"weiyun#5U3OHez\": {\"share_id\": \"5U3OHez\",\"share_source\": \"weiyun\",\"check_state\": 1,\"check_time\": 1635153506385},\"baidu#_b1RS5qaRVJUwi27mcpXow\": {\"share_id\": \"_b1RS5qaRVJUwi27mcpXow\",\"share_source\": \"baidu\",\"check_state\": 1,\"check_time\": 1635153506600},\"baidu#x1keVP958-DyN_OuWdDAXA\": {\"share_id\": \"x1keVP958-DyN_OuWdDAXA\",\"share_source\": \"baidu\",\"check_state\": 1,\"check_time\": 1635153506800},\"baidu#eNcD9CrnRL79VIH5lsOTPA\": {\"share_id\": \"eNcD9CrnRL79VIH5lsOTPA\",\"share_source\": \"baidu\",\"check_state\": 1,\"check_time\": 1635153506991},\"baidu#YSIuNXK4tDqDFAki_F9Ong\": {\"share_id\": \"YSIuNXK4tDqDFAki_F9Ong\",\"share_source\": \"baidu\",\"check_state\": 2,\"check_time\": 1635215770691},\"baidu#YXX4v-PavtA6Nu-ALw2Onw\": {\"share_id\": \"YXX4v-PavtA6Nu-ALw2Onw\",\"share_source\": \"baidu\",\"check_state\": 2,\"check_time\": 1637391954983},\"baidu#6Kb6G-ZpZzdQatA9fRMrwQ\": {\"share_id\": \"6Kb6G-ZpZzdQatA9fRMrwQ\",\"share_source\": \"baidu\",\"check_state\": 2,\"check_time\": 1635218821866},\"baidu#jICzZam\": {\"share_id\": \"jICzZam\",\"share_source\": \"baidu\",\"check_state\": 2,\"check_time\": 1635249199992},\"ty189#F36b6rB3ieMj\": {\"share_id\": \"F36b6rB3ieMj\",\"share_source\": \"ty189\",\"check_state\": 1,\"check_time\": 1635421674171},\"weiyun#TidEyoIP\": {\"share_id\": \"TidEyoIP\",\"share_source\": \"weiyun\",\"check_state\": 1,\"check_time\": 1635421807337},\"baidu#xA2UQSC-K4Go0BoMSWv5Bg\": {\"share_id\": \"xA2UQSC-K4Go0BoMSWv5Bg\",\"share_source\": \"baidu\",\"check_state\": 2,\"check_time\": 1635772190624},\"baidu#w3W_dQBUiHcwkLOtbSJ1Tg\": {\"share_id\": \"w3W_dQBUiHcwkLOtbSJ1Tg\",\"share_source\": \"baidu\",\"check_state\": -1,\"check_time\": 1635907067471},\"baidu#fsbavgeEWZnrCRZlRHoVNg\": {\"share_id\": \"fsbavgeEWZnrCRZlRHoVNg\",\"share_source\": \"baidu\",\"check_state\": 1,\"check_time\": 1635907068634},\"baidu#7FcY52a8a-iYAYbyBmhBiQ\": {\"share_id\": \"7FcY52a8a-iYAYbyBmhBiQ\",\"share_source\": \"baidu\",\"check_state\": 2,\"check_time\": 1635922963916},\"baidu#-NDUq12ldBEmJ50AySkxbw\": {\"share_id\": \"-NDUq12ldBEmJ50AySkxbw\",\"share_source\": \"baidu\",\"check_state\": 2,\"check_time\": 1636593935007},\"baidu#WNzaIAH3E4z\": {\"share_id\": \"WNzaIAH3E4z\",\"share_source\": \"baidu\",\"check_state\": -1,\"check_time\": 1636947212166},\"baidu#mat8MGwXntwg9kWULdnQsA\": {\"share_id\": \"mat8MGwXntwg9kWULdnQsA\",\"share_source\": \"baidu\",\"check_state\": 2,\"check_time\": 1636947212939},\"baidu#gfgXLXT\": {\"share_id\": \"gfgXLXT\",\"share_source\": \"baidu\",\"check_state\": 1,\"check_time\": 1641373674455},\"baidu#eSGREF4\": {\"share_id\": \"eSGREF4\",\"share_source\": \"baidu\",\"check_state\": 1,\"check_time\": 1641373674112},\"baidu#kVABOYr\": {\"share_id\": \"kVABOYr\",\"share_source\": \"baidu\",\"check_state\": 1,\"check_time\": 1641373674603},\"baidu#o8BR7Vc\": {\"share_id\": \"o8BR7Vc\",\"share_source\": \"baidu\",\"check_state\": 1,\"check_time\": 1641373674436},\"baidu#bpautob\": {\"share_id\": \"bpautob\",\"share_source\": \"baidu\",\"check_state\": 1,\"check_time\": 1641373674249},\"baidu#slfr0w1\": {\"share_id\": \"slfr0w1\",\"share_source\": \"baidu\",\"check_state\": 1,\"check_time\": 1641373673841},\"baidu#83ReRQMJXt2yUkhExnezBA\": {\"share_id\": \"83ReRQMJXt2yUkhExnezBA\",\"share_source\": \"baidu\",\"check_state\": 2,\"check_time\": 1637051769531},\"baidu#mYvqPO2QdZ_fFSZGuxJbAw\": {\"share_id\": \"mYvqPO2QdZ_fFSZGuxJbAw\",\"share_source\": \"baidu\",\"check_state\": -1,\"check_time\": 1637051496304},\"baidu#D2g8SKhS\": {\"share_id\": \"D2g8SKhS\",\"share_source\": \"baidu\",\"check_state\": -1,\"check_time\": 1637051496617},\"baidu#TwYXm1DThQG7wNKhjLSIrw\": {\"share_id\": \"TwYXm1DThQG7wNKhjLSIrw\",\"share_source\": \"baidu\",\"check_state\": 2,\"check_time\": 1637051496834},\"baidu#TSPJJjfVoSsdMT-crgixtQ\": {\"share_id\": \"TSPJJjfVoSsdMT-crgixtQ\",\"share_source\": \"baidu\",\"check_state\": 2,\"check_time\": 1637056572463},\"baidu#Y1Nxv1TWf9sez2dSzuscpg\": {\"share_id\": \"Y1Nxv1TWf9sez2dSzuscpg\",\"share_source\": \"baidu\",\"check_state\": 2,\"check_time\": 1637129673681},\"baidu#GgRIvL\": {\"share_id\": \"GgRIvL\",\"share_source\": \"baidu\",\"check_state\": -1,\"check_time\": 1637310604886},\"baidu#GgRIvLSN2muPxMY6RXsuRQ\": {\"share_id\": \"GgRIvLSN2muPxMY6RXsuRQ\",\"share_source\": \"baidu\",\"check_state\": -1,\"check_time\": 1637310611738},\"baidu#oPWIx3zH7Er65orD5X8srg\": {\"share_id\": \"oPWIx3zH7Er65orD5X8srg\",\"share_source\": \"baidu\",\"check_state\": -1,\"check_time\": 1637315889997},\"baidu#JnlGI6ER7kaDQwWbDiVtsA\": {\"share_id\": \"JnlGI6ER7kaDQwWbDiVtsA\",\"share_source\": \"baidu\",\"check_state\": 2,\"check_time\": 1637379496532},\"baidu#YMQqTOmHxswc_FTVD7yFXA\": {\"share_id\": \"YMQqTOmHxswc_FTVD7yFXA\",\"share_source\": \"baidu\",\"check_state\": 2,\"check_time\": 1637379496696},\"baidu#QA0Ymaew-GhWeaihwxUpAg\": {\"share_id\": \"QA0Ymaew-GhWeaihwxUpAg\",\"share_source\": \"baidu\",\"check_state\": 2,\"check_time\": 1637379497007},\"baidu#f2UuFO8ZxWa8v5XXYUEmig\": {\"share_id\": \"f2UuFO8ZxWa8v5XXYUEmig\",\"share_source\": \"baidu\",\"check_state\": 2,\"check_time\": 1637379496602},\"baidu#_nDZkmfg64GDhEm1kB8KFA\": {\"share_id\": \"_nDZkmfg64GDhEm1kB8KFA\",\"share_source\": \"baidu\",\"check_state\": 2,\"check_time\": 1637320408645},\"baidu#u8xnqr-AUhA1qIAqYcU7xg\": {\"share_id\": \"u8xnqr-AUhA1qIAqYcU7xg\",\"share_source\": \"baidu\",\"check_state\": 2,\"check_time\": 1637321048420},\"baidu#eANXTnWl2nf853IEiLOvWg\": {\"share_id\": \"eANXTnWl2nf853IEiLOvWg\",\"share_source\": \"baidu\",\"check_state\": 2,\"check_time\": 1637391697749},\"baidu#vEq7OvRQ7re8b6Ri8461jg\": {\"share_id\": \"vEq7OvRQ7re8b6Ri8461jg\",\"share_source\": \"baidu\",\"check_state\": 2,\"check_time\": 1637571577298},\"baidu#9bOv33pwU0sJpEMQq5gMpA\": {\"share_id\": \"9bOv33pwU0sJpEMQq5gMpA\",\"share_source\": \"baidu\",\"check_state\": 2,\"check_time\": 1639793106398},\"baidu#YEtNjJ0_G9eeH6A6vHXhnA\": {\"share_id\": \"YEtNjJ0_G9eeH6A6vHXhnA\",\"share_source\": \"baidu\",\"check_state\": -1,\"check_time\": 1637735915588},\"baidu#IPx_kulPXAcbmWdneDaXDg\": {\"share_id\": \"IPx_kulPXAcbmWdneDaXDg\",\"share_source\": \"baidu\",\"check_state\": 2,\"check_time\": 1637912239979},\"weiyun#5uXo25l\": {\"share_id\": \"5uXo25l\",\"share_source\": \"weiyun\",\"check_state\": 2,\"check_time\": 1638148728476},\"baidu#77ethB_1ZLyl8_Ef1lJxSA\": {\"share_id\": \"77ethB_1ZLyl8_Ef1lJxSA\",\"share_source\": \"baidu\",\"check_state\": 2,\"check_time\": 1637980264210},\"baidu#DcqYXcaB5zGlsqcXqKZGEw\": {\"share_id\": \"DcqYXcaB5zGlsqcXqKZGEw\",\"share_source\": \"baidu\",\"check_state\": 2,\"check_time\": 1638187665499},\"baidu#qWnBNvI\": {\"share_id\": \"qWnBNvI\",\"share_source\": \"baidu\",\"check_state\": 1,\"check_time\": 1638331231964},\"baidu#nizCCrnvtlXiT5E8PN67gA\": {\"share_id\": \"nizCCrnvtlXiT5E8PN67gA\",\"share_source\": \"baidu\",\"check_state\": 2,\"check_time\": 1638331232804},\"baidu#Ia6oryWUXV3TKT0wjzbAc\": {\"share_id\": \"Ia6oryWUXV3TKT0wjzbAc\",\"share_source\": \"baidu\",\"check_state\": -1,\"check_time\": 1638365985029},\"baidu#WKk2hyHf5I0fo528nTNW-Q\": {\"share_id\": \"WKk2hyHf5I0fo528nTNW-Q\",\"share_source\": \"baidu\",\"check_state\": 2,\"check_time\": 1638331270863},\"baidu#Ia6oryWUXV3TKT0wjzbAcw\": {\"share_id\": \"Ia6oryWUXV3TKT0wjzbAcw\",\"share_source\": \"baidu\",\"check_state\": 2,\"check_time\": 1638351145292},\"baidu#dDIWUuX\": {\"share_id\": \"dDIWUuX\",\"share_source\": \"baidu\",\"check_state\": 1,\"check_time\": 1638351339358},\"baidu#dDIWUuX1497\": {\"share_id\": \"dDIWUuX1497\",\"share_source\": \"baidu\",\"check_state\": -1,\"check_time\": 1638351340351},\"baidu#D-twW285i4IoUOEqcbMX2w\": {\"share_id\": \"D-twW285i4IoUOEqcbMX2w\",\"share_source\": \"baidu\",\"check_state\": -1,\"check_time\": 1638411065064},\"baidu#MPFV-zItvnwg2xkP49Q13Q\": {\"share_id\": \"MPFV-zItvnwg2xkP49Q13Q\",\"share_source\": \"baidu\",\"check_state\": -1,\"check_time\": 1638447781056},\"baidu#TCdforn5chqDqzexYw8pgA\": {\"share_id\": \"TCdforn5chqDqzexYw8pgA\",\"share_source\": \"baidu\",\"check_state\": 2,\"check_time\": 1638776773165},\"baidu#htwr9La\": {\"share_id\": \"htwr9La\",\"share_source\": \"baidu\",\"check_state\": 2,\"check_time\": 1638849472810},\"baidu#QaTjyxFHFmkd\": {\"share_id\": \"QaTjyxFHFmkd\",\"share_source\": \"baidu\",\"check_state\": -1,\"check_time\": 1638877960561},\"baidu#hsQo5nnk4Gx0QYW0UMnH8Q\": {\"share_id\": \"hsQo5nnk4Gx0QYW0UMnH8Q\",\"share_source\": \"baidu\",\"check_state\": 2,\"check_time\": 1649858721760},\"baidu#MKUfgc3YovYYBu2o00VKCw\": {\"share_id\": \"MKUfgc3YovYYBu2o00VKCw\",\"share_source\": \"baidu\",\"check_state\": 2,\"check_time\": 1638949161061},\"baidu#atRgbVN771Xtftxw1eG1Bw\": {\"share_id\": \"atRgbVN771Xtftxw1eG1Bw\",\"share_source\": \"baidu\",\"check_state\": -1,\"check_time\": 1638951309062},\"baidu#sGXdwgUHdE2HqlhChWrr2A\": {\"share_id\": \"sGXdwgUHdE2HqlhChWrr2A\",\"share_source\": \"baidu\",\"check_state\": -1,\"check_time\": 1639057607755},\"baidu#2d7fHl_ZYyx4Xk-v0R0\": {\"share_id\": \"2d7fHl_ZYyx4Xk-v0R0\",\"share_source\": \"baidu\",\"check_state\": -1,\"check_time\": 1639556601637},\"baidu#Tl3s3lS3dsbf\": {\"share_id\": \"Tl3s3lS3dsbf\",\"share_source\": \"baidu\",\"check_state\": -1,\"check_time\": 1639633294312},\"baidu#1HOlkHPq2uNY5Q6ablbegg\": {\"share_id\": \"1HOlkHPq2uNY5Q6ablbegg\",\"share_source\": \"baidu\",\"check_state\": 2,\"check_time\": 1639661271370},\"baidu#yvpe84Ddh53RKRwV7dz0MA\": {\"share_id\": \"yvpe84Ddh53RKRwV7dz0MA\",\"share_source\": \"baidu\",\"check_state\": 2,\"check_time\": 1639821738604},\"ty189#nYnIruN7BV7b\": {\"share_id\": \"nYnIruN7BV7b\",\"share_source\": \"ty189\",\"check_state\": 1,\"check_time\": 1639972284044},\"baidu#geJEbez\": {\"share_id\": \"geJEbez\",\"share_source\": \"baidu\",\"check_state\": 1,\"check_time\": 1648564615114},\"baidu#piIJ7kJH0ido88EfDw28og\": {\"share_id\": \"piIJ7kJH0ido88EfDw28og\",\"share_source\": \"baidu\",\"check_state\": -1,\"check_time\": 1640142314862},\"baidu#CLOBdyOkPaU6mFtV5dnkeg\": {\"share_id\": \"CLOBdyOkPaU6mFtV5dnkeg\",\"share_source\": \"baidu\",\"check_state\": -1,\"check_time\": 1640142575271},\"baidu#7mMPg\": {\"share_id\": \"7mMPg\",\"share_source\": \"baidu\",\"check_state\": 1,\"check_time\": 1640162640764},\"baidu#EwqK5Bxc-wKaW6UHZRK7fQ\": {\"share_id\": \"EwqK5Bxc-wKaW6UHZRK7fQ\",\"share_source\": \"baidu\",\"check_state\": -1,\"check_time\": 1640165857233},\"baidu#UdBmFD6J5WOzfXF4pg4acw\": {\"share_id\": \"UdBmFD6J5WOzfXF4pg4acw\",\"share_source\": \"baidu\",\"check_state\": 1,\"check_time\": 1640252958817},\"baidu#_YGsAxuhBNBOxqg_18n_UQ\": {\"share_id\": \"_YGsAxuhBNBOxqg_18n_UQ\",\"share_source\": \"baidu\",\"check_state\": 2,\"check_time\": 1640332004559},\"baidu#YECwPSUqyZhcTktY0FveeQ\": {\"share_id\": \"YECwPSUqyZhcTktY0FveeQ\",\"share_source\": \"baidu\",\"check_state\": 1,\"check_time\": 1640348545483},\"baidu#bUJVOPz6lMsAH9vXuYszZw\": {\"share_id\": \"bUJVOPz6lMsAH9vXuYszZw\",\"share_source\": \"baidu\",\"check_state\": -1,\"check_time\": 1640348552119},\"weiyun#6WHAaVWv\": {\"share_id\": \"6WHAaVWv\",\"share_source\": \"weiyun\",\"check_state\": -1,\"check_time\": 1640348552904},\"ty189#r6jmQzbU7JN3\": {\"share_id\": \"r6jmQzbU7JN3\",\"share_source\": \"ty189\",\"check_state\": -1,\"check_time\": 1640348647084},\"baidu#1fxuBDwieYk_FiVTm8CA0Q\": {\"share_id\": \"1fxuBDwieYk_FiVTm8CA0Q\",\"share_source\": \"baidu\",\"check_state\": -1,\"check_time\": 1640348649035},\"baidu#uWRn6AcaTsUQmP2QOWfuVA\": {\"share_id\": \"uWRn6AcaTsUQmP2QOWfuVA\",\"share_source\": \"baidu\",\"check_state\": 2,\"check_time\": 1640349369235},\"baidu#D9znRl2IqyL4JZSNCvM3Cg\": {\"share_id\": \"D9znRl2IqyL4JZSNCvM3Cg\",\"share_source\": \"baidu\",\"check_state\": 2,\"check_time\": 1640349369501},\"baidu#mN0f8S5gSWlvRK0DAQNEBw\": {\"share_id\": \"mN0f8S5gSWlvRK0DAQNEBw\",\"share_source\": \"baidu\",\"check_state\": 2,\"check_time\": 1640350352034},\"baidu#OWyE3s4d9MUWuC8dIbTMSQ\": {\"share_id\": \"OWyE3s4d9MUWuC8dIbTMSQ\",\"share_source\": \"baidu\",\"check_state\": 2,\"check_time\": 1640662351437},\"baidu#xdIQOByEpWkJzXHFxfhejQ\": {\"share_id\": \"xdIQOByEpWkJzXHFxfhejQ\",\"share_source\": \"baidu\",\"check_state\": 2,\"check_time\": 1641348405361},\"baidu#UoyJSqoCKCda-NcP-zraVg\": {\"share_id\": \"UoyJSqoCKCda-NcP-zraVg\",\"share_source\": \"baidu\",\"check_state\": 1,\"check_time\": 1641374037445},\"baidu#qvcWJCXVG8JkZnoM4BVoGg\": {\"share_id\": \"qvcWJCXVG8JkZnoM4BVoGg\",\"share_source\": \"baidu\",\"check_state\": 1,\"check_time\": 1641374037801},\"baidu#6wBgDJI6drA0oYq537h4FQ\": {\"share_id\": \"6wBgDJI6drA0oYq537h4FQ\",\"share_source\": \"baidu\",\"check_state\": 1,\"check_time\": 1641374038430},\"baidu#eYHdZraDkn26RKe_zQefUA\": {\"share_id\": \"eYHdZraDkn26RKe_zQefUA\",\"share_source\": \"baidu\",\"check_state\": -1,\"check_time\": 1641966052571},\"baidu#nGkyzQEEHokSGFmj614hwA\": {\"share_id\": \"nGkyzQEEHokSGFmj614hwA\",\"share_source\": \"baidu\",\"check_state\": 2,\"check_time\": 1641966055571},\"baidu#yzrTqTo9hC4ZcP9tWGN6TA\": {\"share_id\": \"yzrTqTo9hC4ZcP9tWGN6TA\",\"share_source\": \"baidu\",\"check_state\": -1,\"check_time\": 1642038512117},\"baidu#Xobs2Y5R3dsIXqdGKylinQ\": {\"share_id\": \"Xobs2Y5R3dsIXqdGKylinQ\",\"share_source\": \"baidu\",\"check_state\": -1,\"check_time\": 1642038511940},\"baidu#XW917f5fwBQsWjcOWCQ1NQ\": {\"share_id\": \"XW917f5fwBQsWjcOWCQ1NQ\",\"share_source\": \"baidu\",\"check_state\": 2,\"check_time\": 1642144020696},\"baidu#EC3etl26b_Vl\": {\"share_id\": \"EC3etl26b_Vl\",\"share_source\": \"baidu\",\"check_state\": -1,\"check_time\": 1642158605883},\"baidu#EC3etl26b_VlOqfPDOukAQ\": {\"share_id\": \"EC3etl26b_VlOqfPDOukAQ\",\"share_source\": \"baidu\",\"check_state\": 2,\"check_time\": 1642158606881},\"baidu#RoDN317X-C6izxY6CwuxTA\": {\"share_id\": \"RoDN317X-C6izxY6CwuxTA\",\"share_source\": \"baidu\",\"check_state\": 2,\"check_time\": 1643201013099},\"baidu#qqAR6iqjur1sfmzeZjcrwg\": {\"share_id\": \"qqAR6iqjur1sfmzeZjcrwg\",\"share_source\": \"baidu\",\"check_state\": 2,\"check_time\": 1643201014513},\"baidu#-_9Cwq1qCxAr041nDWe0sg\": {\"share_id\": \"-_9Cwq1qCxAr041nDWe0sg\",\"share_source\": \"baidu\",\"check_state\": 2,\"check_time\": 1643201013370},\"baidu#MD9WAAmSOCz5fhlUMU0bsg\": {\"share_id\": \"MD9WAAmSOCz5fhlUMU0bsg\",\"share_source\": \"baidu\",\"check_state\": 2,\"check_time\": 1643201014041},\"baidu#fRYNn3E0yEOLiQUSyBlxKg\": {\"share_id\": \"fRYNn3E0yEOLiQUSyBlxKg\",\"share_source\": \"baidu\",\"check_state\": 2,\"check_time\": 1643201013498},\"baidu#GZEp8KI1Fm0U4Uek7BOWAw\": {\"share_id\": \"GZEp8KI1Fm0U4Uek7BOWAw\",\"share_source\": \"baidu\",\"check_state\": 2,\"check_time\": 1643201013945},\"baidu#PTM6watxNlqs-jvvX6XKzg\": {\"share_id\": \"PTM6watxNlqs-jvvX6XKzg\",\"share_source\": \"baidu\",\"check_state\": 2,\"check_time\": 1643261859066},\"weiyun#S8C1bxJ7\": {\"share_id\": \"S8C1bxJ7\",\"share_source\": \"weiyun\",\"check_state\": 2,\"check_time\": 1643505539772},\"baidu#o92PKng\": {\"share_id\": \"o92PKng\",\"share_source\": \"baidu\",\"check_state\": 2,\"check_time\": 1644136925081},\"baidu#5NsS8WtYQiahM6p_z_YBNQ\": {\"share_id\": \"5NsS8WtYQiahM6p_z_YBNQ\",\"share_source\": \"baidu\",\"check_state\": -1,\"check_time\": 1644458215220},\"baidu#1VOomkNch7C9m8lqlRaNAg\": {\"share_id\": \"1VOomkNch7C9m8lqlRaNAg\",\"share_source\": \"baidu\",\"check_state\": 2,\"check_time\": 1644498435513},\"weiyun#SZuVFOsJ\": {\"share_id\": \"SZuVFOsJ\",\"share_source\": \"weiyun\",\"check_state\": 1,\"check_time\": 1644928451415},\"weiyun#qtZl9He4\": {\"share_id\": \"qtZl9He4\",\"share_source\": \"weiyun\",\"check_state\": 1,\"check_time\": 1644928455727},\"baidu#uinOQjNHQN\": {\"share_id\": \"uinOQjNHQN\",\"share_source\": \"baidu\",\"check_state\": -1,\"check_time\": 1645239483368},\"baidu#uinOQjNHQNkgohuyBzeCAg\": {\"share_id\": \"uinOQjNHQNkgohuyBzeCAg\",\"share_source\": \"baidu\",\"check_state\": 2,\"check_time\": 1645239710289},\"baidu#mi7lUnm\": {\"share_id\": \"mi7lUnm\",\"share_source\": \"baidu\",\"check_state\": -1,\"check_time\": 1645509929281},\"baidu#o7Ccxp4\": {\"share_id\": \"o7Ccxp4\",\"share_source\": \"baidu\",\"check_state\": -1,\"check_time\": 1645760787263},\"baidu#vY-NpeFSHes-dcKdi0xN2g\": {\"share_id\": \"vY-NpeFSHes-dcKdi0xN2g\",\"share_source\": \"baidu\",\"check_state\": 2,\"check_time\": 1645966385145},\"baidu#XR2-IvSMvXwWSJO3Xak9Kg\": {\"share_id\": \"XR2-IvSMvXwWSJO3Xak9Kg\",\"share_source\": \"baidu\",\"check_state\": 2,\"check_time\": 1645966385335},\"baidu#6U9FhTlv3BVuB3ixipayXg\": {\"share_id\": \"6U9FhTlv3BVuB3ixipayXg\",\"share_source\": \"baidu\",\"check_state\": 2,\"check_time\": 1646050602520},\"baidu#LQKKftGx1pUO5L4Wrg_TAQ\": {\"share_id\": \"LQKKftGx1pUO5L4Wrg_TAQ\",\"share_source\": \"baidu\",\"check_state\": 2,\"check_time\": 1646100694863},\"baidu#kj29pFjLniQ9THbUSZMNlA\": {\"share_id\": \"kj29pFjLniQ9THbUSZMNlA\",\"share_source\": \"baidu\",\"check_state\": 2,\"check_time\": 1646142657674},\"baidu#FcBmCUp2hHlN_REQV0Kyfg\": {\"share_id\": \"FcBmCUp2hHlN_REQV0Kyfg\",\"share_source\": \"baidu\",\"check_state\": -1,\"check_time\": 1646142741716},\"baidu#AHmm8tEkJ1TmF3TXhQMJ4w\": {\"share_id\": \"AHmm8tEkJ1TmF3TXhQMJ4w\",\"share_source\": \"baidu\",\"check_state\": 2,\"check_time\": 1646185005067},\"baidu#iIBvqrXIx2JAvoyt3FcuYw\": {\"share_id\": \"iIBvqrXIx2JAvoyt3FcuYw\",\"share_source\": \"baidu\",\"check_state\": -1,\"check_time\": 1646721511214},\"baidu#A22fC5cPRb74gqrpq7O9-A\": {\"share_id\": \"A22fC5cPRb74gqrpq7O9-A\",\"share_source\": \"baidu\",\"check_state\": 2,\"check_time\": 1653367052028},\"baidu#vkk3lMheUm6IjTXznlg7Ng\": {\"share_id\": \"vkk3lMheUm6IjTXznlg7Ng\",\"share_source\": \"baidu\",\"check_state\": 2,\"check_time\": 1653367052360},\"baidu#a9SrbR3Rrq6VEzqSy_oymg\": {\"share_id\": \"a9SrbR3Rrq6VEzqSy_oymg\",\"share_source\": \"baidu\",\"check_state\": -1,\"check_time\": 1646749920838},\"baidu#dFXuc0p\": {\"share_id\": \"dFXuc0p\",\"share_source\": \"baidu\",\"check_state\": -1,\"check_time\": 1646750020050},\"baidu#Lb7vbEC2H0SVnd79WrwRBQ\": {\"share_id\": \"Lb7vbEC2H0SVnd79WrwRBQ\",\"share_source\": \"baidu\",\"check_state\": -1,\"check_time\": 1646750020169},\"baidu#Uo9ABMjiyZ1AZzC0LZGrmw\": {\"share_id\": \"Uo9ABMjiyZ1AZzC0LZGrmw\",\"share_source\": \"baidu\",\"check_state\": 2,\"check_time\": 1646750021300},\"baidu#i6Nw2hxswrfDLsr_ztPfaw\": {\"share_id\": \"i6Nw2hxswrfDLsr_ztPfaw\",\"share_source\": \"baidu\",\"check_state\": 2,\"check_time\": 1646825824750},\"baidu#E0KjAZn95e34WH_p7L9kEQ\": {\"share_id\": \"E0KjAZn95e34WH_p7L9kEQ\",\"share_source\": \"baidu\",\"check_state\": 2,\"check_time\": 1646879805511},\"baidu#CCib5R91O6I6IKGrV0NY5A\": {\"share_id\": \"CCib5R91O6I6IKGrV0NY5A\",\"share_source\": \"baidu\",\"check_state\": 2,\"check_time\": 1646917866617},\"baidu#JB9lGFq3HQdKPrf4kFJI9A\": {\"share_id\": \"JB9lGFq3HQdKPrf4kFJI9A\",\"share_source\": \"baidu\",\"check_state\": 2,\"check_time\": 1647938950079},\"baidu#dDiu4TF\": {\"share_id\": \"dDiu4TF\",\"share_source\": \"baidu\",\"check_state\": 1,\"check_time\": 1648001036405},\"baidu#jG5QT6Y\": {\"share_id\": \"jG5QT6Y\",\"share_source\": \"baidu\",\"check_state\": 1,\"check_time\": 1648001037077},\"baidu#vzV-Q-dW_QJmnFIi0Xr5sw\": {\"share_id\": \"vzV-Q-dW_QJmnFIi0Xr5sw\",\"share_source\": \"baidu\",\"check_state\": 2,\"check_time\": 1648178787006},\"baidu#wI11f_Ag3dDoyoBtramsCA\": {\"share_id\": \"wI11f_Ag3dDoyoBtramsCA\",\"share_source\": \"baidu\",\"check_state\": 2,\"check_time\": 1648178793858},\"baidu#7NqrI4o9YL9zrovF0\": {\"share_id\": \"7NqrI4o9YL9zrovF0\",\"share_source\": \"baidu\",\"check_state\": -1,\"check_time\": 1648521094936},\"baidu#dhOlJB_Npdbh5d2u9elzRQ\": {\"share_id\": \"dhOlJB_Npdbh5d2u9elzRQ\",\"share_source\": \"baidu\",\"check_state\": 2,\"check_time\": 1648521101172},\"baidu#EwAEWQDv0dh4az9uE6UjLQ\": {\"share_id\": \"EwAEWQDv0dh4az9uE6UjLQ\",\"share_source\": \"baidu\",\"check_state\": 2,\"check_time\": 1648521101419},\"baidu#l0YmYJaL8vycZh-au2FJiA\": {\"share_id\": \"l0YmYJaL8vycZh-au2FJiA\",\"share_source\": \"baidu\",\"check_state\": -1,\"check_time\": 1648521127679},\"baidu#ziHK8f-duX1EatfvPTkiWg\": {\"share_id\": \"ziHK8f-duX1EatfvPTkiWg\",\"share_source\": \"baidu\",\"check_state\": -1,\"check_time\": 1648521516877},\"baidu#dDyCuI1\": {\"share_id\": \"dDyCuI1\",\"share_source\": \"baidu\",\"check_state\": 1,\"check_time\": 1648606835581},\"baidu#RMwp0aDbRQqZTFSNhTBYnw\": {\"share_id\": \"RMwp0aDbRQqZTFSNhTBYnw\",\"share_source\": \"baidu\",\"check_state\": 1,\"check_time\": 1648718281216},\"baidu#PEiZTkkTlOTg6-I6AdoRlw\": {\"share_id\": \"PEiZTkkTlOTg6-I6AdoRlw\",\"share_source\": \"baidu\",\"check_state\": -1,\"check_time\": 1648729743759},\"baidu#5SM_irM-mrZB7xJQYncBwg\": {\"share_id\": \"5SM_irM-mrZB7xJQYncBwg\",\"share_source\": \"baidu\",\"check_state\": 2,\"check_time\": 1648776977726},\"baidu#cX0OUNQO4pgX9H8-xtx7oQ\": {\"share_id\": \"cX0OUNQO4pgX9H8-xtx7oQ\",\"share_source\": \"baidu\",\"check_state\": 2,\"check_time\": 1648785004852},\"baidu#HQajHCpzdpQ4Tpyl20fdPQ\": {\"share_id\": \"HQajHCpzdpQ4Tpyl20fdPQ\",\"share_source\": \"baidu\",\"check_state\": -1,\"check_time\": 1648816502927},\"baidu#GusgkPtrGewlQ2Ehyux4mA\": {\"share_id\": \"GusgkPtrGewlQ2Ehyux4mA\",\"share_source\": \"baidu\",\"check_state\": -1,\"check_time\": 1648816502587},\"baidu#ZHGBK-bCAdEkGawMVCIY0A\": {\"share_id\": \"ZHGBK-bCAdEkGawMVCIY0A\",\"share_source\": \"baidu\",\"check_state\": -1,\"check_time\": 1648816504336},\"baidu#-sBcW8XXHpf6LBuGPcS8nA\": {\"share_id\": \"-sBcW8XXHpf6LBuGPcS8nA\",\"share_source\": \"baidu\",\"check_state\": 2,\"check_time\": 1648880690265},\"baidu#cB8kFnMNk_tAJWPLDfEI5g\": {\"share_id\": \"cB8kFnMNk_tAJWPLDfEI5g\",\"share_source\": \"baidu\",\"check_state\": 1,\"check_time\": 1649080295635},\"baidu#hsFj07E\": {\"share_id\": \"hsFj07E\",\"share_source\": \"baidu\",\"check_state\": 1,\"check_time\": 1649140567749},\"baidu#hsHRrms\": {\"share_id\": \"hsHRrms\",\"share_source\": \"baidu\",\"check_state\": 1,\"check_time\": 1649140570835},\"baidu#lhxAH_1dwD6176c5zgwrtA\": {\"share_id\": \"lhxAH_1dwD6176c5zgwrtA\",\"share_source\": \"baidu\",\"check_state\": 2,\"check_time\": 1649243535028},\"baidu#wjrJ4\": {\"share_id\": \"wjrJ4\",\"share_source\": \"baidu\",\"check_state\": 1,\"check_time\": 1649245737245},\"baidu#ntEaf0H\": {\"share_id\": \"ntEaf0H\",\"share_source\": \"baidu\",\"check_state\": -1,\"check_time\": 1649245863909},\"ty189#7J36NbZBrqI3\": {\"share_id\": \"7J36NbZBrqI3\",\"share_source\": \"ty189\",\"check_state\": -1,\"check_time\": 1649319991815},\"baidu#o6RkoTb4A5qnzURD4Svy6g\": {\"share_id\": \"o6RkoTb4A5qnzURD4Svy6g\",\"share_source\": \"baidu\",\"check_state\": 2,\"check_time\": 1649319992384},\"baidu#u0MM-xF_cYipd7P0KN2DWw\": {\"share_id\": \"u0MM-xF_cYipd7P0KN2DWw\",\"share_source\": \"baidu\",\"check_state\": -1,\"check_time\": 1649321166872},\"baidu#mDG_GdQpFaZd75ZCg79xcg\": {\"share_id\": \"mDG_GdQpFaZd75ZCg79xcg\",\"share_source\": \"baidu\",\"check_state\": -1,\"check_time\": 1649321170038},\"baidu#hqrZiNa\": {\"share_id\": \"hqrZiNa\",\"share_source\": \"baidu\",\"check_state\": 1,\"check_time\": 1649321297696},\"baidu#nt9aZ8X\": {\"share_id\": \"nt9aZ8X\",\"share_source\": \"baidu\",\"check_state\": -1,\"check_time\": 1649321297704},\"baidu#ks5W-FLKqIykeShtAm8Cbg\": {\"share_id\": \"ks5W-FLKqIykeShtAm8Cbg\",\"share_source\": \"baidu\",\"check_state\": 2,\"check_time\": 1649508081187},\"baidu#98ULWeLkoNKp7qVVud-9fw\": {\"share_id\": \"98ULWeLkoNKp7qVVud-9fw\",\"share_source\": \"baidu\",\"check_state\": 2,\"check_time\": 1649508445981},\"ty189#zuQniuzaYbYv\": {\"share_id\": \"zuQniuzaYbYv\",\"share_source\": \"ty189\",\"check_state\": 1,\"check_time\": 1649668417224},\"baidu#fgHcwtsa-3pLZRyfxnqwrQ\": {\"share_id\": \"fgHcwtsa-3pLZRyfxnqwrQ\",\"share_source\": \"baidu\",\"check_state\": 2,\"check_time\": 1649761637761},\"baidu#yMrbuHVzy0mXUxVio7kjqA\": {\"share_id\": \"yMrbuHVzy0mXUxVio7kjqA\",\"share_source\": \"baidu\",\"check_state\": 2,\"check_time\": 1650106596066},\"baidu#gUmlDPf1tOjAq_K4dQAFxA\": {\"share_id\": \"gUmlDPf1tOjAq_K4dQAFxA\",\"share_source\": \"baidu\",\"check_state\": 2,\"check_time\": 1650870728353},\"baidu#KV7Y5MBghnnKwYlKZ0Ycow\": {\"share_id\": \"KV7Y5MBghnnKwYlKZ0Ycow\",\"share_source\": \"baidu\",\"check_state\": 2,\"check_time\": 1650870728383},\"baidu#t_er7adzs9suMJfEnd6-YQ\": {\"share_id\": \"t_er7adzs9suMJfEnd6-YQ\",\"share_source\": \"baidu\",\"check_state\": 2,\"check_time\": 1650870970838},\"baidu#fLqcTSKkN0fz-wwl55eM9g\": {\"share_id\": \"fLqcTSKkN0fz-wwl55eM9g\",\"share_source\": \"baidu\",\"check_state\": -1,\"check_time\": 1650871618821},\"baidu#ntsqZTB\": {\"share_id\": \"ntsqZTB\",\"share_source\": \"baidu\",\"check_state\": 1,\"check_time\": 1650871619191},\"baidu#dmrOs3rkR8cX5b0vTUOxHA\": {\"share_id\": \"dmrOs3rkR8cX5b0vTUOxHA\",\"share_source\": \"baidu\",\"check_state\": -1,\"check_time\": 1650871619530},\"baidu#70pZcoULMR0dwJRS35oGbw\": {\"share_id\": \"70pZcoULMR0dwJRS35oGbw\",\"share_source\": \"baidu\",\"check_state\": 2,\"check_time\": 1650871619957},\"baidu#4sY7YC6H62NOayaZdBSMyQ\": {\"share_id\": \"4sY7YC6H62NOayaZdBSMyQ\",\"share_source\": \"baidu\",\"check_state\": -1,\"check_time\": 1651043209811},\"baidu#ToypOEAYjRuNEb8uNjKEZQ\": {\"share_id\": \"ToypOEAYjRuNEb8uNjKEZQ\",\"share_source\": \"baidu\",\"check_state\": 2,\"check_time\": 1651043568203},\"baidu#3G81CEyJrhLUA0RuFqt97A\": {\"share_id\": \"3G81CEyJrhLUA0RuFqt97A\",\"share_source\": \"baidu\",\"check_state\": 2,\"check_time\": 1651046903424},\"baidu#EvPO6FOJWxQVgzeQBPshXQ\": {\"share_id\": \"EvPO6FOJWxQVgzeQBPshXQ\",\"share_source\": \"baidu\",\"check_state\": 2,\"check_time\": 1651046903393},\"baidu#7zo1EbLUoolh3Y-lioBluA\": {\"share_id\": \"7zo1EbLUoolh3Y-lioBluA\",\"share_source\": \"baidu\",\"check_state\": 2,\"check_time\": 1651046902393},\"baidu#8f7qXyK-gf1EoaEF5G8pcA\": {\"share_id\": \"8f7qXyK-gf1EoaEF5G8pcA\",\"share_source\": \"baidu\",\"check_state\": -1,\"check_time\": 1651733498569},\"baidu#SmaxcLOKntmCJAzrpe_mfw\": {\"share_id\": \"SmaxcLOKntmCJAzrpe_mfw\",\"share_source\": \"baidu\",\"check_state\": 2,\"check_time\": 1652615981377},\"baidu#ttkUMuEW1pNg9Qx391rE7Q\": {\"share_id\": \"ttkUMuEW1pNg9Qx391rE7Q\",\"share_source\": \"baidu\",\"check_state\": 2,\"check_time\": 1652700815551},\"baidu#RmXi8b_lxksVS5hJuSLPIg\": {\"share_id\": \"RmXi8b_lxksVS5hJuSLPIg\",\"share_source\": \"baidu\",\"check_state\": -1,\"check_time\": 1652700817149},\"baidu#ACUaRmw0F079psNsmvL_aA\": {\"share_id\": \"ACUaRmw0F079psNsmvL_aA\",\"share_source\": \"baidu\",\"check_state\": -1,\"check_time\": 1652706927266},\"ty189#UNNraqQR367j\": {\"share_id\": \"UNNraqQR367j\",\"share_source\": \"ty189\",\"check_state\": 1,\"check_time\": 1653287977175}}","$config":"o{\"uid\":\"5cuhqkl1vfld03sxpehfvfvwwdfd20bg\"}","$storage":"o{\"version_date\": \"20220524\",\"version_payload\": {\"version\": \"0.2.0\"},\"version_latest\": \"0.2.0\"}"}}