{"options":{"check_for_updates":true,"comment":null,"compat_foreach":false,"compat_metadata":false,"compat_powerful_this":null,"compat_prototypes":false,"compat_wrappedjsobject":false,"compatopts_for_requires":true,"noframes":null,"override":{"merge_connects":true,"merge_excludes":true,"merge_includes":true,"merge_matches":true,"orig_connects":["userscript.xiu2.xyz","userscript.gh2233.ml","raw.iqiq.io","hk1.monika.love","raw.fastgit.org","cdn.staticaly.com","ghproxy.futils.com","ghproxy.fsofso.com","raw.xn--gzu630h.xn--kpry57d","raw.xn--p8jhe.tw","git.yumenaka.net","raw-gh.gcdn.mirr.one","gcore.jsdelivr.net","fastly.jsdelivr.net","raw.githubusercontents.com","www.xuexiniu.com","bbs.xuexiniu.com","weili.ooopic.com","www.ykmh.com"],"orig_excludes":["https://*.taobao.com/*","https://*.tmall.com/*","https://*.1688.com/*","https://*.jd.com/*","https://*.vip.com/*","https://*.suning.com/*","https://*.aliexpress.com/*","https://*.paypal.com/*","https://*.iqiyi.com/*","https://*.youku.com/*","https://m.v.qq.com/*","https://v.qq.com/*","https://*.acfun.cn/*","https://t.bilibili.com/*","https://www.bilibili.com/*","https://live.bilibili.com/*","https://space.bilibili.com/*","https://manga.bilibili.com/*","https://member.bilibili.com/*","https://message.bilibili.com/*","https://*.youtube.com/*","https://*.youtube-nocookie.com/*","https://*.cnki.net/*","https://mail.qq.com/*","https://weread.qq.com/*","https://*.weread.qq.com/*","https://bz.zzzmh.cn/*","https://wallhaven.cc/*","https://chrome.zzzmh.cn/*","https://*.guazi.com/*","https://*.liepin.com/*","https://*.58.com/*"],"orig_includes":[],"orig_matches":["*://*/*"],"orig_noframes":null,"orig_run_at":"document-end","use_blockers":[],"use_connects":[],"use_excludes":[],"use_includes":[],"use_matches":[]},"run_at":null,"tab_types":null,"unwrap":null},"settings":{"enabled":true,"position":88},"meta":{"name":"自动无缝翻页","uuid":"4e57b703-ecf7-44df-b2bb-a56e2a0b4e7b","modified":1653207834847,"file_url":"https://greasyfork.org/scripts/419215-%E8%87%AA%E5%8A%A8%E6%97%A0%E7%BC%9D%E7%BF%BB%E9%A1%B5/code/%E8%87%AA%E5%8A%A8%E6%97%A0%E7%BC%9D%E7%BF%BB%E9%A1%B5.user.js"}}