{"options":{"check_for_updates":true,"comment":null,"compat_foreach":false,"compat_metadata":false,"compat_prototypes":false,"compat_wrappedjsobject":false,"compatopts_for_requires":true,"noframes":null,"override":{"merge_connects":true,"merge_excludes":true,"merge_includes":true,"merge_matches":true,"orig_excludes":[],"orig_includes":[],"orig_matches":["*://*/*"],"orig_noframes":null,"orig_run_at":"document-idle","use_blockers":[],"use_connects":[],"use_excludes":[],"use_includes":[],"use_matches":[]},"run_at":null,"tab_types":null,"unwrap":null,"compat_powerful_this":null},"settings":{"enabled":false,"position":52},"meta":{"name":"获取网站所有图片","uuid":"9fff0834-8f7c-41df-bf58-95906b78a31d","modified":1598618043431,"file_url":"https://greasyfork.org/scripts/388389-%E8%B6%85%E7%BA%A7%E5%9B%BE%E7%89%87%E5%8A%A9%E6%89%8B/code/%E8%B6%85%E7%BA%A7%E5%9B%BE%E7%89%87%E5%8A%A9%E6%89%8B.user.js"}}