{"options":{"check_for_updates":true,"comment":null,"compat_foreach":false,"compat_metadata":false,"compat_prototypes":false,"compat_wrappedjsobject":false,"compatopts_for_requires":true,"noframes":null,"override":{"merge_connects":true,"merge_excludes":true,"merge_includes":true,"merge_matches":true,"orig_excludes":[],"orig_includes":["*://*91p*n.com/*","https://www.vlogdownloader.com/*"],"orig_matches":[],"orig_noframes":null,"orig_run_at":"document-idle","use_blockers":[],"use_connects":[],"use_excludes":[],"use_includes":[],"use_matches":[]},"run_at":null,"tab_types":null,"unwrap":null,"compat_powerful_this":null},"settings":{"enabled":false,"position":56},"meta":{"name":"解析91","uuid":"6f2bba15-e7de-4ec1-b312-1854d00d8441","modified":1598530267181,"file_url":"https://greasyfork.org/scripts/378608-%E8%A7%A3%E6%9E%9091/code/%E8%A7%A3%E6%9E%9091.user.js"}}