{"options":{"check_for_updates":true,"comment":null,"compat_foreach":false,"compat_metadata":false,"compat_prototypes":false,"compat_wrappedjsobject":true,"compatopts_for_requires":true,"noframes":null,"override":{"merge_connects":true,"merge_excludes":true,"merge_includes":true,"merge_matches":true,"orig_excludes":[],"orig_includes":["*://wenku.baidu.com/view/*","*://www.wocali.com/tampermonkey/doc/download","*://api.ebuymed.cn/ext/*","*://www.ebuymed.cn/","*://pan.baidu.com/s/*","*://yun.baidu.com/s/*","*://pan.baidu.com/share/init*","*://yun.baidu.com/share/init*","*://www.zhihu.com/*","*://www.bilibili.com/read/*","*://b.faloo.com/*","*://bbs.coocaa.com/*","*://book.hjsm.tom.com/*","*://book.zhulang.com/*","*://book.zongheng.com/*","*://book.hjsm.tom.com/*","*://chokstick.com/*","*://chuangshi.qq.com/*","*://yunqi.qq.com/*","*://city.udn.com/*","*://cutelisa55.pixnet.net/*","*://huayu.baidu.com/*","*://tiyu.baidu.com/*","*://yd.baidu.com/*","*://yuedu.baidu.com/*","*://imac.hk/*","*://life.tw/*","*://luxmuscles.com/*","*://read.qidian.com/*","*://www.15yan.com/*","*://www.17k.com/*","*://www.18183.com/*","*://www.360doc.com/*","*://www.eyu.com/*","*://www.hongshu.com/*","*://www.coco01.com/*","*://news.missevan.com/*","*://www.hongxiu.com/*","*://www.imooc.com/*","*://www.readnovel.com/*","*://www.tadu.com/*","*://www.jjwxc.net/*","*://www.xxsy.net/*","*://www.z3z4.com/*","*://yuedu.163.com/*","http*://chaoshi.detail.tmall.com/*","http*://detail.tmall.com/*","http*://item.taobao.com/*","http*://list.tmall.com/*","http*://list.tmall.hk/*","http*://www.taobao.com/*","http*://www.tmall.com/*","http*://s.taobao.com/*","http*://detail.tmall.hk/*","http*://chaoshi.tmall.com/*"],"orig_matches":[],"orig_noframes":null,"orig_run_at":"document-end","use_blockers":[],"use_connects":[],"use_excludes":[],"use_includes":[],"use_matches":[]},"run_at":null,"tab_types":null,"unwrap":null,"compat_powerful_this":null},"settings":{"enabled":false,"position":53},"meta":{"name":"解除各大文档站，小说站的复制限制，右键限制（无需任何设置即可突破限制）","uuid":"a3f28036-947f-44dc-9aa8-978b5dfc3ecb","modified":1571747404212,"file_url":"https://greasyfork.org/scripts/382247-%E8%A7%A3%E9%99%A4%E5%90%84%E5%A4%A7%E6%96%87%E6%A1%A3%E7%AB%99-%E5%B0%8F%E8%AF%B4%E7%AB%99%E7%9A%84%E5%A4%8D%E5%88%B6%E9%99%90%E5%88%B6-%E5%8F%B3%E9%94%AE%E9%99%90%E5%88%B6-%E6%97%A0%E9%9C%80%E4%BB%BB%E4%BD%95%E8%AE%BE%E7%BD%AE%E5%8D%B3%E5%8F%AF%E7%AA%81%E7%A0%B4%E9%99%90%E5%88%B6/code/%E8%A7%A3%E9%99%A4%E5%90%84%E5%A4%A7%E6%96%87%E6%A1%A3%E7%AB%99%EF%BC%8C%E5%B0%8F%E8%AF%B4%E7%AB%99%E7%9A%84%E5%A4%8D%E5%88%B6%E9%99%90%E5%88%B6%EF%BC%8C%E5%8F%B3%E9%94%AE%E9%99%90%E5%88%B6%EF%BC%88%E6%97%A0%E9%9C%80%E4%BB%BB%E4%BD%95%E8%AE%BE%E7%BD%AE%E5%8D%B3%E5%8F%AF%E7%AA%81%E7%A0%B4%E9%99%90%E5%88%B6%EF%BC%89.user.js"}}