{"options":{"check_for_updates":true,"comment":null,"compat_foreach":false,"compat_metadata":false,"compat_powerful_this":null,"compat_prototypes":false,"compat_wrappedjsobject":false,"compatopts_for_requires":true,"noframes":null,"override":{"merge_connects":true,"merge_excludes":true,"merge_includes":true,"merge_matches":true,"orig_connects":["tt.shuqiandiqiu.com","api.bilibili.com","api.staticj.top","cdn.jsdelivr.net"],"orig_excludes":[],"orig_includes":["*://*.youku.com/v_*","*://*.iqiyi.com/v_*","*://*.iqiyi.com/w_*","*://*.iqiyi.com/a_*","*://*.le.com/ptv/vplay/*","*://v.qq.com/x/cover/*","*://v.qq.com/x/page/*","*://v.qq.com/tv/*","*://*.tudou.com/listplay/*","*://*.tudou.com/albumplay/*","*://*.tudou.com/programs/view/*","*://*.mgtv.com/b/*","*://film.sohu.com/album/*","*://tv.sohu.com/v/*","*://*.bilibili.com/video/*","*://*.bilibili.com/bangumi/play/*","*://*.baofeng.com/play/*","*://vip.pptv.com/show/*","*://v.pptv.com/show/*","*://www.le.com/ptv/vplay/*","*://www.wasu.cn/Play/show/*","*://m.v.qq.com/x/cover/*","*://m.v.qq.com/x/page/*","*://m.v.qq.com/*","*://m.iqiyi.com/v_*","*://m.iqiyi.com/w_*","*://m.iqiyi.com/a_*","*://m.youku.com/alipay_video/*","*://m.mgtv.com/b/*","*://m.tv.sohu.com/v/*","*://m.film.sohu.com/album/*","*://m.le.com/ptv/vplay/*","*://m.pptv.com/show/*","*://m.acfun.cn/v/*","*://m.bilibili.com/video/*","*://m.bilibili.com/anime/*","*://m.bilibili.com/bangumi/play/*","*://m.wasu.cn/Play/show/*","*://www.youtube.com","*://www.youtube.com/","*://www.youtube.com/watch*","*://www.facebook.com/*","*://yt1s.com/facebook-downloader","*music.163.com*","*://y.qq.com*","*://www.kugou.com*","*://www.kuwo.cn*","*://www.lizhi.fm*","*://*.ximalaya.com*","*://music.migu.cn*","*://*.taobao.com/*","*://*detail.tmall.com/*","*://*detail.tmall.hk/*","*://*item.jd.com/*","*://item.yiyaojd.com/*","*://npcitem.jd.hk/*","*://www.laisoyixia.com/download/detail**","*://www.xiaozhukuaipan.com/download/**","*://www.baidu.com/*","*://www.so.com/s*","*://www.sogou.com/web*","*://cn.bing.com/search*","*://so.toutiao.com/search*"],"orig_matches":[],"orig_noframes":null,"orig_run_at":"document-idle","use_blockers":[],"use_connects":[],"use_excludes":[],"use_includes":[],"use_matches":[]},"run_at":null,"tab_types":null,"unwrap":null},"settings":{"enabled":true,"position":75},"meta":{"name":"解锁B站大会员番剧、B站视频解析下载；全网VIP视频免费破解去广告；全网音乐直接下载；油管、Facebook等国外视频解析下载；网盘搜索引擎破解无限下载等","uuid":"5ef249c7-17cd-4e88-8da8-f502858b8372","modified":1652866342675,"file_url":"https://greasyfork.org/scripts/418804-%E8%B6%85%E7%BA%A7%E8%A7%86%E9%A2%91%E5%8A%A9%E6%89%8B-%E5%93%94%E5%93%A9%E5%93%94%E5%93%A9%E8%A7%A3%E9%94%81%E5%A4%A7%E4%BC%9A%E5%91%98-b%E7%AB%99%E8%A7%86%E9%A2%91%E8%A7%A3%E6%9E%90%E4%B8%8B%E8%BD%BD-a%E7%AB%99%E8%A7%86%E9%A2%91%E8%A7%A3%E6%9E%90%E4%B8%8B%E8%BD%BD-%E7%88%B1%E5%A5%87%E8%89%BA-%E8%85%BE%E8%AE%AF-%E4%BC%98%E9%85%B7-%E8%8A%92%E6%9E%9C%E7%AD%89%E5%85%A8%E7%BD%91vip%E8%A7%86%E9%A2%91%E5%85%8D%E8%B4%B9%E7%9C%8B%E7%A0%B4%E8%A7%A3%E5%8E%BB%E5%B9%BF%E5%91%8A-%E5%85%8D%E8%B7%B3%E7%9B%B4%E6%8E%A5%E7%9C%8B-youtube-facebook%E7%AD%89%E8%A7%86%E9%A2%91%E8%A7%A3%E6%9E%90%E4%B8%8B%E8%BD%BD/code/%E8%B6%85%E7%BA%A7%E8%A7%86%E9%A2%91%E5%8A%A9%E6%89%8B%EF%BC%9A%E5%93%94%E5%93%A9%E5%93%94%E5%93%A9%E8%A7%A3%E9%94%81%E5%A4%A7%E4%BC%9A%E5%91%98%E3%80%81B%E7%AB%99%E8%A7%86%E9%A2%91%E8%A7%A3%E6%9E%90%E4%B8%8B%E8%BD%BD%EF%BC%9BA%E7%AB%99%E8%A7%86%E9%A2%91%E8%A7%A3%E6%9E%90%E4%B8%8B%E8%BD%BD%EF%BC%9B%E7%88%B1%E5%A5%87%E8%89%BA%E3%80%81%E8%85%BE%E8%AE%AF%E3%80%81%E4%BC%98%E9%85%B7%E3%80%81%E8%8A%92%E6%9E%9C%E7%AD%89%E5%85%A8%E7%BD%91VIP%E8%A7%86%E9%A2%91%E5%85%8D%E8%B4%B9%E7%9C%8B%E7%A0%B4%E8%A7%A3%E5%8E%BB%E5%B9%BF%E5%91%8A(%E5%85%8D%E8%B7%B3%E7%9B%B4%E6%8E%A5%E7%9C%8B)%EF%BC%9BYoutube%E3%80%81Facebook%E7%AD%89%E8%A7%86%E9%A2%91%E8%A7%A3%E6%9E%90%E4%B8%8B%E8%BD%BD.user.js"}}