{"options":{"check_for_updates":true,"comment":null,"compat_foreach":false,"compat_metadata":false,"compat_prototypes":false,"compat_wrappedjsobject":false,"compatopts_for_requires":true,"noframes":null,"override":{"merge_connects":true,"merge_excludes":true,"merge_includes":true,"merge_matches":true,"orig_excludes":[],"orig_includes":["https://www.google.com.hk/*","http://www.google.com.hk/*","https://ipv6.google.com.hk/*","http://ipv6.google.com.hk/*","http://www.google.com/*","https://www.google.com/*","http://ipv4.google.com/*","https://ipv4.google.com/*","http://ipv6.google.com/*","https://ipv6.google.com/*","http://www.baidu.com/*","https://www.baidu.com/*"],"orig_matches":[],"orig_noframes":null,"orig_run_at":"document-idle","use_blockers":[],"use_connects":[],"use_excludes":[],"use_includes":[],"use_matches":[]},"run_at":null,"tab_types":null,"unwrap":null,"compat_powerful_this":null},"settings":{"enabled":false,"position":59},"meta":{"name":"谷歌百度搜索（集合）","uuid":"39c64983-74d2-4d7e-8b31-83e050dc9847","modified":1580367659672,"file_url":"https://greasyfork.org/scripts/4923-%E8%B0%B7%E6%AD%8C%E7%99%BE%E5%BA%A6%E6%90%9C%E7%B4%A2-%E9%9B%86%E5%90%88/code/%E8%B0%B7%E6%AD%8C%E7%99%BE%E5%BA%A6%E6%90%9C%E7%B4%A2%EF%BC%88%E9%9B%86%E5%90%88%EF%BC%89.user.js"}}