{"options":{"check_for_updates":true,"comment":null,"compat_foreach":false,"compat_metadata":false,"compat_prototypes":false,"compat_wrappedjsobject":false,"compatopts_for_requires":true,"noframes":null,"override":{"merge_connects":true,"merge_excludes":true,"merge_includes":true,"merge_matches":true,"orig_excludes":[],"orig_includes":[],"orig_matches":["https://2.taobao.com/*","https://s.2.taobao.com/*","https://trade.2.taobao.com/*","http://s.ershou.taobao.com/*"],"orig_noframes":null,"orig_run_at":"document-idle","use_blockers":[],"use_connects":[],"use_excludes":[],"use_includes":[],"use_matches":[]},"run_at":null,"tab_types":null,"unwrap":null,"compat_powerful_this":null},"settings":{"enabled":true,"position":11},"meta":{"name":"闲鱼搜索框显示","uuid":"c1a569ce-ad58-47d2-8086-65c03bf29141","modified":1519187948790,"file_url":"https://greasyfork.org/scripts/32525-%E9%97%B2%E9%B1%BC%E6%90%9C%E7%B4%A2%E6%A1%86%E6%98%BE%E7%A4%BA/code/%E9%97%B2%E9%B1%BC%E6%90%9C%E7%B4%A2%E6%A1%86%E6%98%BE%E7%A4%BA.user.js"}}