{"options":{"check_for_updates":true,"comment":null,"compat_foreach":false,"compat_metadata":false,"compat_prototypes":false,"compat_wrappedjsobject":false,"compatopts_for_requires":true,"noframes":null,"override":{"merge_connects":true,"merge_excludes":true,"merge_includes":true,"merge_matches":true,"orig_connects":["www.csdn.net"],"orig_excludes":[],"orig_includes":["*://*.csdn.net/*"],"orig_matches":[],"orig_noframes":null,"orig_run_at":"document-idle","use_blockers":[],"use_connects":[],"use_excludes":[],"use_includes":[],"use_matches":[]},"run_at":null,"tab_types":null,"unwrap":null,"compat_powerful_this":null},"settings":{"enabled":true,"position":68},"meta":{"name":"🔥持续更新🔥 CSDN广告完全过滤、人性化脚本优化：🆕 不用再登录了！让你体验令人惊喜的崭新CSDN。","uuid":"5e2abc41-84d6-4245-948c-20dcc16fd261","modified":1642731906203,"file_url":"https://greasyfork.org/zh-CN/scripts/378351/code/script.user.js"}}