{"options":{"check_for_updates":true,"comment":null,"compat_foreach":false,"compat_metadata":false,"compat_powerful_this":null,"compat_prototypes":false,"compat_wrappedjsobject":false,"compatopts_for_requires":true,"noframes":null,"override":{"merge_connects":true,"merge_excludes":true,"merge_includes":true,"merge_matches":true,"orig_connects":["*"],"orig_excludes":[],"orig_includes":["*"],"orig_matches":[],"orig_noframes":null,"orig_run_at":"document-idle","use_blockers":[],"use_connects":[],"use_excludes":[],"use_includes":[],"use_matches":[]},"run_at":null,"tab_types":null,"unwrap":null},"settings":{"enabled":false,"position":76},"meta":{"name":"🔥🔥🔥全网会员视频解析、电影搜索、自动跳过视频广告、图片和视频下载、优惠券领取、广告清理大师、短视频解析功能、常用书签栏、搜索引擎优化、网站二维码生成、链接跳转直达。🔥🔥🔥","uuid":"94c0d1db-4809-4edc-84da-734010356eb8","modified":1653207834697,"file_url":"https://greasyfork.org/scripts/426302-%E8%B6%85%E7%BA%A7%E5%B7%A5%E5%85%B7/code/%F0%9F%94%A5%F0%9F%94%A5%F0%9F%94%A5%E8%B6%85%E7%BA%A7%E5%B7%A5%E5%85%B7%F0%9F%94%A5%F0%9F%94%A5%F0%9F%94%A5.user.js"}}