{"options":{"check_for_updates":true,"comment":null,"compat_foreach":false,"compat_metadata":false,"compat_prototypes":false,"compat_wrappedjsobject":false,"compatopts_for_requires":true,"noframes":null,"override":{"merge_connects":true,"merge_excludes":true,"merge_includes":true,"merge_matches":true,"orig_connects":[],"orig_excludes":[],"orig_includes":["*://*google.com/*","*://link.zhihu.com/*","*://link.csdn.net/*","*://www.jianshu.com/go-wild*"],"orig_matches":[],"orig_noframes":null,"orig_run_at":"document-start","use_blockers":[],"use_connects":[],"use_excludes":[],"use_includes":[],"use_matches":[]},"run_at":null,"tab_types":null,"unwrap":null,"compat_powerful_this":null},"settings":{"enabled":true,"position":66},"meta":{"name":"🔥🔥🔥跳转链接直达🔥🔥🔥","uuid":"d013d257-d1b5-4596-8303-ab52e494e8ae","modified":1646810344165,"file_url":"https://greasyfork.org/scripts/419062-%E8%B7%B3%E8%BD%AC%E9%93%BE%E6%8E%A5%E7%9B%B4%E8%BE%BE/code/%F0%9F%94%A5%F0%9F%94%A5%F0%9F%94%A5%E8%B7%B3%E8%BD%AC%E9%93%BE%E6%8E%A5%E7%9B%B4%E8%BE%BE%F0%9F%94%A5%F0%9F%94%A5%F0%9F%94%A5.user.js"}}